image,ALB,BET,DOL,LAG,NoF,OTHER,SHARK,YFT
img_00005.jpg,0.000144,0,3.6e-05,1.1e-05,0.998871,2.7e-05,0.000911,0
img_00007.jpg,0.0040845,0.013254,0.014582,0.005335,0.0006205,0.0007645,0.0026795,0.9586795
img_00009.jpg,0.756112666666667,0.154758333333333,0.0292426666666667,0.0100326666666667,0.00170833333333333,0.041556,0.001154,0.00543466666666667
img_00018.jpg,0.504946333333333,0.0832196666666667,0.0263996666666667,0.008097,0.00253566666666667,0.363604333333333,0.00152766666666667,0.009669
img_00027.jpg,0.5196565,0.167542,0.00119,0.001768,0.0031765,0.2659775,0.001519,0.0391695
img_00030.jpg,0.1697235,0.013244,0.020448,0.0070105,0.231056,0.3647775,0.175241,0.0184995
img_00040.jpg,0.142022,0.0221475,0.00887,0.003867,0.0053275,0.231671,0.5168265,0.069268
img_00046.jpg,0.749364,0.0002585,0.00312,0.0002445,0.15727,0.07969,0.0016685,0.0083845
img_00053.jpg,0.732737,0.0284555,0.059173,0.0124865,0.0175985,0.114227,0.011606,0.023718
img_00071.jpg,0.154484333333333,0.00468566666666667,0.00372133333333333,0.559391,0.0113046666666667,0.238539333333333,0.00209633333333333,0.0257783333333333
img_00075.jpg,0.6897345,0.0492895,0.0002535,0.000516,0.00413,0.255201,0.000589,0.000287
img_00102.jpg,0.1272925,0.0575545,0.010032,0.002825,0.002923,0.176003,0.0024955,0.6208745
img_00103.jpg,0.975407,0.0121733333333333,0.000362666666666667,0.000474,0.000450333333333333,0.009045,0.000159666666666667,0.00192766666666667
img_00109.jpg,0.997255,2.1e-05,0.0001905,4.3e-05,0.001298,0.0009435,0.0001215,0.0001265
img_00119.jpg,0.005031,0.00018,0.0044975,0.001569,0.2221385,0.4982935,0.0035835,0.264707
img_00120.jpg,0.5517115,0.026102,0.0004675,0.000899,9.3e-05,0.0014875,0.125951,0.2932885
img_00125.jpg,0.705320666666667,0.00307033333333333,0.00405933333333333,0.00451233333333333,0.000929333333333333,0.0225996666666667,0.009857,0.249651666666667
img_00128.jpg,0.0042265,0.077035,0.605051,0.0015345,0.0044475,0.0140625,0.000423,0.2932195
img_00129.jpg,0.0943105,0.0194995,0.0074475,0.0043015,0.0057395,0.185104,0.6029155,0.080682
img_00133.jpg,0.4849145,0.0026805,0.009819,0.005058,0.4558825,0.038787,0.002384,0.000473
img_00138.jpg,0.8680615,0.0330625,0.0081765,0.0022805,0.006468,0.005783,0.0025035,0.0736645
img_00141.jpg,7.5e-06,1.65e-05,0.000898,1.9e-05,3.95e-05,1e-06,0.0009665,0.9980525
img_00152.jpg,0.000102,0.0019595,0.0200655,0.0014005,0.000353,0.00721,0.088932,0.8799785
img_00161.jpg,0.0002125,0.000114,0.00205,1.7e-05,3e-05,0.000226,0.0004085,0.9969425
img_00164.jpg,0.446234,0.000498,0.0165685,0.002215,0.4007265,0.0002485,7.6e-05,0.1334335
img_00170.jpg,0.637726,0.002522,0.023498,0.1848165,0.0017595,0.017574,0.0004105,0.131693
img_00171.jpg,0.781929666666667,0.00394833333333333,0.008867,0.027767,0.00360733333333333,0.154897666666667,0.00489833333333333,0.0140843333333333
img_00172.jpg,0.00032,3e-06,0.000269,5.5e-05,0.998539,9.9e-05,0.000692,2.2e-05
img_00175.jpg,0.834003,0.008233,0.0048275,0.0141145,0.0036025,0.130204,0.0017525,0.003262
img_00180.jpg,0.0142535,0.000148,0.0007035,0.000215,0.04824,7.4e-05,0.000276,0.9360885
img_00196.jpg,0.125548,0.000606,0.004027,0.002057,0.483308,0.022872,0.00827,0.353313
img_00212.jpg,0.1576785,0.0548225,0.005451,0.11217,0.0008215,0.0014715,0.0008205,0.666765
img_00223.jpg,0.948545,0.0094175,0.010201,0.001393,0.000766,0.0170095,0.000459,0.01221
img_00230.jpg,0.732220666666667,0.249909,0.004058,0.001631,0.000552333333333333,0.00968566666666667,0.000755666666666667,0.001188
img_00232.jpg,0.0017345,0.034501,0.0119835,0.0037535,0.0069165,0.0017995,0.9330405,0.006271
img_00244.jpg,0.4994145,0.2279255,0.0007275,0.0022415,0.001849,0.105147,0.003373,0.1593215
img_00272.jpg,0.8416825,0.0130405,0.1161475,0.0219185,0.000836,0.0042455,0.0010485,0.0010805
img_00280.jpg,0.71270525,0.007453,0.03642425,0.00169475,0.207366,0.02225525,0.00134275,0.010759
img_00282.jpg,0.7014845,0.003635,0.0063555,0.043024,0.0049465,0.2365035,0.001933,0.0021185
img_00285.jpg,0.7299095,0.1001475,0.002471,0.0025485,0.001095,0.0620585,0.0848415,0.0169295
img_00289.jpg,0.846652,0.051355,0.010161,0.000588666666666667,0.0769453333333333,0.00288966666666667,7.26666666666667e-05,0.0113353333333333
img_00292.jpg,0.6307455,0.1379415,0.000566,0.001979,0.004808,0.1253605,0.0046625,0.0939375
img_00302.jpg,0.081405,0.0153345,0.0092425,0.0041285,0.002649,0.155066,0.610179,0.121995
img_00311.jpg,0.9994465,2.7e-05,8.15e-05,2.5e-05,8.05e-05,4.55e-05,4.5e-06,0.0002895
img_00320.jpg,0.997036,0.0003065,0.00045,5.9e-05,0.0002375,0.000787,0.000461,0.0006625
img_00331.jpg,0.472148,0.11331,0.00471566666666667,0.016555,0.018633,0.141246666666667,0.150861666666667,0.0825293333333333
img_00358.jpg,0.0744355,0.485483,0.003491,0.009127,0.0020765,0.2637095,0.034001,0.127675
img_00374.jpg,0.569063666666667,0.0699876666666667,0.009215,0.000833,0.000293666666666667,0.00429133333333333,0.000407666666666667,0.345908
img_00375.jpg,0.310567,0.036108,0.1616785,0.0316465,0.053451,0.400424,0.002601,0.003524
img_00376.jpg,0.9356925,0.006427,0.0048005,0.0027435,0.0070625,0.0071045,0.0312255,0.0049435
img_00380.jpg,0.9921985,0.000512,0.0056385,0.000295,0.000495,0.0006245,0.000171,6.55e-05
img_00383.jpg,0.9937015,0.0005515,0.0014325,0.0005215,0.0028565,0.000234,2.8e-05,0.000674
img_00398.jpg,0.784404,0.008898,0.002143,0.00209,0.096471,0.016635,0.0726565,0.0167035
img_00407.jpg,0.885560333333333,0.0167023333333333,0.00928,0.040226,0.00132066666666667,0.0448293333333333,0.00122866666666667,0.000853
img_00417.jpg,0.05163,0.007034,0.0010115,0.0257995,0.0003275,0.0001835,0.000381,0.9136325
img_00432.jpg,0.855458,0.0023535,0.0197205,0.0042985,0.016492,0.0926185,0.0019725,0.0070865
img_00442.jpg,2.5e-06,8.05e-05,0.0001155,6e-06,2.5e-06,1.25e-05,1.45e-05,0.999766
img_00446.jpg,0.9100595,0.010415,0.000627,0.0037945,0.0383205,0.013534,0.0180325,0.005217
img_00469.jpg,0.60578,0.0108125,0.0044645,0.067845,0.0055295,0.0106255,0.0125825,0.282361
img_00473.jpg,0.812415,0.002737,0.0015125,0.000236,0.0086045,0.0026255,0.0001675,0.1717025
img_00483.jpg,0.8447585,0.070733,0.0002805,0.000486,0.000284,0.0066875,0.000642,0.0761295
img_00484.jpg,0.139493,0.0451615,0.0024085,0.0025185,0.009819,0.0033965,0.0195265,0.777676
img_00486.jpg,0.648662,0.0742855,0.186118,0.070723,0.0004725,0.011484,0.0079895,0.000266
img_00487.jpg,0.063905,0.010131,0.090214,0.017041,0.6446525,0.1307775,0.0012905,0.041988
img_00493.jpg,0.156679,0.008091,0.182309,0.032841,0.2710755,0.251745,0.0756215,0.0216375
img_00518.jpg,0.951427,0.0001815,0.038723,0.0001605,0.0014365,0.0005515,0.00049,0.00703
img_00533.jpg,0.1085575,0.191808,0.027829,0.0107205,0.000627,0.125969,0.280338,0.2541505
img_00538.jpg,0.853078,0.0217396666666667,0.00125166666666667,0.00460233333333333,0.000738666666666667,0.020803,0.00971866666666667,0.0880686666666667
img_00543.jpg,0.9997385,1.95e-05,1.6e-05,2.4e-05,0.000101,6e-06,5e-07,9.4e-05
img_00550.jpg,0.513904,0.01318,0.0978195,0.006408,0.0183845,0.331939,0.0038535,0.014512
img_00551.jpg,0.7955245,0.000806,0.00233,0.002513,0.003154,0.021223,0.000884,0.173566
img_00564.jpg,0.1081785,0.148725,0.0376615,0.0034055,0.5083545,0.146462,0.0015885,0.0456255
img_00575.jpg,0.731038,0.005295,0.0008935,0.00368,0.004133,0.0295015,0.1337475,0.091712
img_00582.jpg,0.597104,0.0130443333333333,0.0653993333333333,0.00607666666666667,0.0105946666666667,0.247384666666667,0.042145,0.0182506666666667
img_00584.jpg,0.476874,0.0014385,0.0814125,0.001637,0.351051,0.0739025,0.001385,0.0122995
img_00587.jpg,0.393241,0.2181825,0.001404,0.013385,0.001101,0.067608,0.0004705,0.3046075
img_00590.jpg,0.062233,0.0212645,0.000933,0.0009075,0.0007455,0.000619,0.0011885,0.912109
img_00591.jpg,0.043322,0.007638,0.002388,6e-04,0.002243,0.05868,0.011859,0.8732695
img_00598.jpg,0.803583,0.0252073333333333,0.00825966666666667,0.0382293333333333,0.00102,0.0696206666666667,0.021204,0.0328756666666667
img_00599.jpg,0.9147805,0.0166955,0.002625,0.005806,0.001403,0.005716,0.037236,0.015737
img_00612.jpg,0.9047245,0.040217,0.000221,0.006148,0.0002135,0.0185755,0.0089825,0.020918
img_00618.jpg,0.959899,0.002703,0.00263,0.0056615,0.0165675,0.002065,4.6e-05,0.0104285
img_00620.jpg,0.9602085,0.009606,0.0094115,0.00502,0.004546,0.0083435,0.002062,0.0008025
img_00642.jpg,0.5068125,0.0030755,0.013763,0.4681755,0.005813,0.0009385,0.0005305,0.000892
img_00646.jpg,0.011521,0.0281005,0.0774825,0.004057,0.0039815,0.003909,0.015961,0.854988
img_00648.jpg,0.9985885,8.6e-05,7.3e-05,8.4e-05,9.15e-05,4.5e-05,4.5e-06,0.001028
img_00650.jpg,0.454531,0.0040705,0.002667,0.003698,0.005561,0.3569935,0.0706575,0.1018225
img_00654.jpg,0.6763815,0.0180745,0.0806035,0.0063825,0.1182605,0.0972515,0.002608,0.0004385
img_00664.jpg,0.9528295,0.002314,0.00485,0.0008985,0.0070335,0.0289795,0.000709,0.0023855
img_00667.jpg,0.038396,0.001297,0.006107,0.00632,0.366883,0.088354,0.020866,0.471777
img_00676.jpg,0.053501,0.000471,0.001677,0.000623,0.382424,0.063189,0.002017,0.496098
img_00697.jpg,0.0005055,0.0001465,0.024957,0.000527,0.00065,0.001461,0.000794,0.9709585
img_00708.jpg,0.581842,0.032279,0.004253,0.004134,0.0051465,0.2111425,0.0866635,0.074539
img_00716.jpg,0.2304005,0.235732,0.0217065,0.0313875,0.0336975,0.254034,0.1057215,0.0873205
img_00717.jpg,0.6468765,0.093649,0.0031585,0.002072,0.0008525,0.2344445,0.0081225,0.0108245
img_00718.jpg,0.954611,0.0013595,0.0005975,0.0006155,0.001672,0.0194515,0.000612,0.021081
img_00723.jpg,0.649134,0.015838,0.000641,0.00187,0.305396,0.014274,0.001499,0.011347
img_00724.jpg,0.1168645,0.0008425,0.04156,0.0025505,0.0124475,0.0041125,0.282097,0.539525
img_00726.jpg,0.988987,0.000414,0.000106,8.9e-05,0.0050125,0.0016745,0.0032735,0.000443
img_00729.jpg,0.975384,0.000125,0.000962,0.000204,0.021454,0.001038,0.000801,3.2e-05
img_00730.jpg,0.0541105,0.050296,0.0008305,0.001382,0.0001895,0.0050475,0.0029045,0.8852385
img_00757.jpg,0.830562,0.018873,0.0377535,0.0717395,0.003121,0.015461,0.0057795,0.0167105
img_00760.jpg,0.303519,0.003549,0.038735,0.621333,0.0163526666666667,0.005712,0.00249066666666667,0.00830866666666667
img_00763.jpg,0.4947275,0.001769,0.000485,0.000199,0.417314,0.0007305,8.35e-05,0.0846915
img_00764.jpg,0.000228,0.000849,0.003722,0.0002045,0.007184,0.000138,4.75e-05,0.9876265
img_00765.jpg,0.0541075,0.0379645,0.001473,0.0090755,0.0019015,0.876495,0.0031615,0.0158215
img_00772.jpg,0.028722,0.007537,0.427291,0.00175,0.000967,0.000382,0.001003,0.532349
img_00773.jpg,0.866801,0.041443,0.062235,0.004077,0.0009575,0.023805,0.00051,0.000171
img_00777.jpg,0.2672275,0.0173195,0.0007255,0.000945,0.0042395,0.706848,0.0026905,5e-06
img_00780.jpg,0.012313,0.0091905,0.062874,0.0020895,0.0043075,0.1028695,0.009333,0.7970235
img_00798.jpg,0.885516,0.017713,0.0015935,0.002015,0.000556,0.0267585,0.005044,0.060804
img_00808.jpg,0.945401333333333,0.0185513333333333,0.00631233333333333,0.00610866666666667,0.000198333333333333,0.0208043333333333,0.00225433333333333,0.00037
img_00816.jpg,0.984999,0.011085,0.0011555,5.45e-05,0.000907,0.000225,2.1e-05,0.0015535
img_00828.jpg,0.0959165,0.051746,0.0085855,0.00098,0.5003465,0.008906,9.5e-05,0.3334245
img_00833.jpg,0.543449,0.088793,0.0022015,0.011479,0.0082585,0.1489875,0.09748,0.09935
img_00837.jpg,0.9203015,0.047634,0.0007105,0.00352,0.008975,0.0178185,0.00027,0.000771
img_00855.jpg,0.6144925,0.0036805,0.002778,0.0109215,0.003018,0.0025235,0.000932,0.361654
img_00857.jpg,0.973773,0.0174225,0.001296,0.0002055,0.0006195,0.00512,0.0008255,0.000738
img_00858.jpg,0.9602285,0.0009715,0.0041475,0.0002295,0.0017745,0.0213275,0.006533,0.0047885
img_00865.jpg,0.972916333333333,0.0145023333333333,0.000489333333333333,0.001668,0.000189333333333333,0.00419533333333333,0.000392333333333333,0.00564633333333333
img_00876.jpg,0.005447,0.00045,0.001497,0.000905,0.561068,0.05746,0.002959,0.370214
img_00889.jpg,0.050291,0.0074175,0.3791125,0.0064045,0.03959,0.005873,0.004697,0.506614
img_00894.jpg,0.878429,0.00566075,0.0246835,0.02680975,0.03761675,0.00599625,0.0056575,0.01514625
img_00902.jpg,0.0006485,0.0118535,0.004278,0.001005,0.0036115,0.0018675,0.9724525,0.0042825
img_00914.jpg,1e-04,0.0004535,0.010523,0.0003665,0.00106,0.012099,0.0001685,0.9752295
img_00921.jpg,0.804224,0.0012585,0.000614,0.001872,0.0468335,0.106526,0.0162765,0.0223955
img_00927.jpg,0.0754845,0.009058,0.0007515,0.00116,0.001092,0.0046925,0.00527,0.9024915
img_00943.jpg,0.7618545,0.048147,0.000237,0.000374,0.0049335,0.005879,0.000983,0.177592
img_00948.jpg,0.8494335,0.00052,0.013887,0.0094605,0.080025,0.021091,0.0101595,0.015423
img_00950.jpg,0.5125795,0.000907,0.0009865,0.0003935,0.4709375,0.0063545,0.0003325,0.0075085
img_00959.jpg,0.9639755,0.000109,0.000126,9.8e-05,0.0210935,0.0129475,0.0012235,0.0004265
img_00962.jpg,0.0023365,0.0059955,0.177296,0.001041,0.0008535,0.0012915,0.0001645,0.8110215
img_00964.jpg,0.0003985,0.0166745,0.901871,0.001372,0.000267,0.0728185,0.0008935,0.0057035
img_00966.jpg,0.792329,0.03982,0.000131,0.000348,0.151676,0.004577,0.003841,0.007278
img_00974.jpg,0.673822666666667,0.0413943333333333,0.0331336666666667,0.00429066666666667,0.002397,0.0326313333333333,0.00279066666666667,0.209540666666667
img_00979.jpg,0.2961095,0.001893,0.158109,0.002107,0.000325,0.002894,0.001163,0.5374
img_00982.jpg,0.6390165,0.178597,0.011789,0.0020925,0.0210415,0.132405,0.008161,0.006898
img_00985.jpg,0.579704,0.221787,0.0004315,0.00174,0.0014375,0.1250355,0.005982,0.063883
img_00999.jpg,0.9689545,0.0086245,0.0005445,0.0010725,0.000404,0.002827,0.002179,0.0153935
img_01022.jpg,0.806762,0.003538,0.0063355,0.0773995,0.038184,0.0585935,0.002898,0.006289
img_01031.jpg,0.953873333333333,0.00722833333333333,0.002162,0.000598666666666667,0.002162,0.0293583333333333,0.00323566666666667,0.001382
img_01035.jpg,0.458553,0.0131085,0.000385,0.0005205,0.001046,0.525671,0.000705,1.05e-05
img_01043.jpg,0.645354333333333,0.00896066666666667,0.00178166666666667,0.00455266666666667,0.327041,0.00824166666666667,0.00400633333333333,6.2e-05
img_01058.jpg,0.847309,0.006328,0.004594,0.000898,0.019592,0.001424,0.00557,0.114285
img_01059.jpg,0.252433,0.008807,0.0005215,0.0007455,0.000168,0.1777095,0.007462,0.552154
img_01090.jpg,0.5355965,0.00287,0.202888,0.0013865,0.232508,0.0023135,0.0079525,0.0144855
img_01102.jpg,0.482007,0.114264,0.004148,0.0131165,0.000412,0.000408,0.0067095,0.3789355
img_01103.jpg,0.8925845,0.021687,0.014008,0.0140285,0.000879,0.001715,0.0413265,0.013771
img_01116.jpg,0.9261795,0.025482,0.0042025,0.0020695,0.0002705,0.006911,0.00126,0.033624
img_01134.jpg,0.8690285,0.0024915,0.0010925,0.0015675,0.0024665,0.091303,0.0023325,0.029718
img_01142.jpg,0.5693995,0.0083565,0.005945,0.0024285,0.0032385,0.3902865,0.003314,0.017031
img_01168.jpg,0.0886175,0.134576,0.0027075,0.058409,0.0143165,0.6896695,0.010875,0.0008295
img_01171.jpg,5.6e-05,9.2e-05,0.000196,0.000264,0.903248,8.4e-05,0.000206,0.095853
img_01177.jpg,0.640489,0.00892,0.041325,0.019401,0.210768,0.069843,0.002817,0.006437
img_01179.jpg,0.839482,0.0015365,0.005136,0.014339,0.0506965,0.082401,0.001731,0.0046775
img_01188.jpg,0.0367335,0.0146635,0.001111,0.0114555,0.001162,0.8961565,0.004614,0.034104
img_01198.jpg,0.4971905,0.0957885,0.0114895,0.0031725,0.362235,0.0121115,0.001993,0.016019
img_01204.jpg,0.0258635,0.0017135,0.0143895,0.001178,0.222817,0.4667305,0.0038055,0.2635025
img_01208.jpg,0.00084,4e-06,0.000162,2.5e-05,0.997832,2.1e-05,4.9e-05,0.001066
img_01211.jpg,0.999316,0.0001375,1.25e-05,2e-05,0.000237,7.65e-05,1.45e-05,0.0001865
img_01213.jpg,0.830254333333333,0.124248666666667,0.00174466666666667,0.006676,0.006523,0.0213236666666667,0.001822,0.00740833333333333
img_01222.jpg,0.5386645,0.2590305,0.00518,0.0475585,0.00137,0.022267,0.0052015,0.120727
img_01224.jpg,0.2371,0.0070225,0.052024,0.002765,0.000543,0.063605,0.0022365,0.634705
img_01237.jpg,0.479944,0.000288,0.0005665,0.0002985,0.477763,0.003088,0.003099,0.034953
img_01249.jpg,0.411661,0.008672,0.0262905,0.0236635,0.4749285,0.043935,0.0077955,0.0030545
img_01253.jpg,1.1e-05,4.15e-05,0.000399,4.5e-06,6e-06,1.75e-05,9.5e-06,0.9995105
img_01286.jpg,0.1078085,0.0106185,0.0312425,0.013312,0.1548785,0.070826,0.023598,0.587716
img_01289.jpg,0.2434625,0.025815,0.002768,0.0011485,0.000741,0.1994225,0.0044965,0.522145
img_01325.jpg,0.078695,0.020784,0.065855,0.012247,0.692231,0.001676,0.017246,0.111266
img_01328.jpg,0.846603333333333,0.0865543333333333,0.00139533333333333,0.00724666666666667,0.00377533333333333,0.0504233333333333,0.00191833333333333,0.00208266666666667
img_01366.jpg,0.803992,0.0023195,0.006788,0.0226725,0.004202,0.1553635,0.0032285,0.0014345
img_01371.jpg,0.958166,0.0165155,0.001114,0.001158,0.0116195,0.0031955,0.0008505,0.007382
img_01373.jpg,0.477063,0.0089765,0.0826725,0.0106905,0.1891085,0.2256045,0.0029435,0.002941
img_01377.jpg,0.3849815,0.035534,0.0548485,0.0070965,0.382065,0.126934,0.001193,0.007347
img_01379.jpg,0.9003115,0.031221,0.0074805,0.0077405,0.003223,0.0426275,0.003704,0.003692
img_01384.jpg,0.6100505,0.006112,0.037463,0.004765,0.045965,0.277936,0.003335,0.0143735
img_01388.jpg,0.845632,0.028657,0.0005005,0.000191,0.0010405,0.105438,0.001621,0.016919
img_01392.jpg,0.0015095,0.204541,0.603574,0.003508,0.003078,0.036615,0.0021515,0.1450225
img_01399.jpg,0.03714,0.790773,0.03509,0.0024705,0.0052965,0.041916,0.0019925,0.0853215
img_01404.jpg,0.907821,0.006071,0.00294033333333333,0.0500413333333333,0.000306,0.0134003333333333,0.000756666666666667,0.018663
img_01405.jpg,0.785758666666667,0.00316933333333333,0.000880666666666667,0.000444,0.000939666666666667,0.204327333333333,0.00184766666666667,0.00263266666666667
img_01413.jpg,0.9772245,0.0010575,0.000572,0.003509,0.0130765,0.0041155,0.00022,0.000225
img_01426.jpg,0.4152325,0.4532375,0.0048855,0.0006545,0.00121,0.065938,0.0155695,0.043273
img_01431.jpg,0.190795333333333,0.0350283333333333,0.0815283333333333,0.633372,0.00578733333333333,0.0487216666666667,0.00364266666666667,0.00112366666666667
img_01441.jpg,0.000501,0.0005465,0.003913,0.000148,0.000102,0.0013895,0.0200865,0.973313
img_01444.jpg,0.293756,0.046976,0.0040885,0.003416,0.0012785,0.1526495,0.0225185,0.475317
img_01490.jpg,0.003651,0.0013955,0.1848955,0.001,0.000296,0.0008895,0.000228,0.807644
img_01495.jpg,0.676448,0.149485,0.074094,0.0186365,0.0034855,0.0158575,0.002353,0.0596395
img_01505.jpg,0.0063525,0.034261,0.005096,0.0011215,0.2070215,0.4206655,0.004843,0.32064
img_01511.jpg,0.798066,0.122592,0.01472,0.003658,0.004344,0.0260695,0.0007685,0.029782
img_01519.jpg,0.105798,0.1911595,0.004608,0.034572,0.0046765,0.334635,0.310528,0.0140215
img_01530.jpg,0.950942333333333,0.00136,0.00362733333333333,0.0102323333333333,0.0266503333333333,0.00495366666666667,0.00127066666666667,0.000963
img_01537.jpg,0.8254505,0.018018,0.026487,0.0019025,0.0211485,0.0582745,0.0058655,0.0428535
img_01538.jpg,0.8409455,0.004271,0.0074775,0.007084,0.001758,0.0970385,0.0281285,0.013297
img_01541.jpg,0.1395275,0.016458,0.007328,0.0007445,0.500245,0.037705,0.0003615,0.29763
img_01543.jpg,0.979501,0.0015715,0.000761,0.000266,0.002033,0.000861,0.000615,0.0143915
img_01548.jpg,0.997939666666667,0.000337,0.000181666666666667,8.26666666666667e-05,0.000369666666666667,0.000602,0.000248333333333333,0.000238666666666667
img_01552.jpg,0.995865,0.00026,0.002175,9.45e-05,0.0002125,0.0004825,0.0003025,0.0006075
img_01561.jpg,0.000146,3e-06,0.000309,3.3e-05,0.999214,7.9e-05,1.6e-05,0.000202
img_01562.jpg,0.5555415,0.007112,0.0004525,0.002314,0.0001465,0.002644,0.100239,0.3315505
img_01571.jpg,0.9865745,0.007701,0.0001025,6.55e-05,0.0039385,0.0001365,0.000609,0.0008725
img_01593.jpg,0.508868,0.2994645,0.0025645,0.006478,0.0072225,0.052638,0.019427,0.103337
img_01595.jpg,3.7e-05,0.00013,0.002014,0.00012,0.992575,0.000276,0.001043,0.003805
img_01616.jpg,0.975178,0.0030265,0.000822,9.9e-05,0.0010975,0.0107155,0.008447,0.0006145
img_01618.jpg,0.9558775,0.004344,0.000762,0.0018,0.00202,0.0203465,0.0083355,0.0065145
img_01627.jpg,0.8674004,0.1044534,0.0010574,0.003114,0.0004532,0.0194134,0.0015372,0.0025708
img_01632.jpg,0.981713,0.001098,0.003155,0.000219,0.009323,0.003098,0.000227,0.001168
img_01633.jpg,0.7222605,0.0100945,0.0004115,0.0012755,0.000316,0.2461875,0.005364,0.0140905
img_01640.jpg,0.998237,6.35e-05,8.7e-05,0.0001195,6.15e-05,2.5e-05,4.5e-06,0.0014015
img_01646.jpg,0.859407666666667,0.107569333333333,0.001039,0.00205866666666667,0.000732666666666667,0.00970966666666667,0.016586,0.00289633333333333
img_01647.jpg,0.68288,0.0016065,0.1400515,0.000492,0.1198865,0.0116945,0.000866,0.042523
img_01649.jpg,0.732546333333333,0.0230453333333333,0.085818,0.0274616666666667,0.008453,0.0423043333333333,0.017509,0.0628623333333333
img_01657.jpg,6.1e-05,0.000418,0.722786,0.0004455,0.0010085,5.45e-05,0.0003335,0.2748935
img_01669.jpg,0.080896,0.001467,0.0125205,0.8922125,0.0063105,0.0046145,0.001296,0.000683
img_01673.jpg,0.69572,0.0014505,0.011354,0.0022605,0.263626,0.0146195,0.0010455,0.009924
img_01681.jpg,0.3882805,0.0034955,0.009682,0.000377,0.0014575,0.0002845,0.0005645,0.595858
img_01684.jpg,0.941229,0.01211425,0.0021645,0.006357,0.00309775,0.02408375,0.001694,0.00926025
img_01685.jpg,0.529855,0.002537,0.157986,0.021598,0.106911,0.152008,0.027171,0.001934
img_01687.jpg,0.8414135,0.007199,0.0007795,0.000618,0.0006505,0.0015495,0.001674,0.146116
img_01688.jpg,0.319387,0.012682,0.00157,0.001153,0.001066,0.115334,0.008957,0.539851
img_01689.jpg,4.75e-05,0.0051255,0.08027,0.001113,0.0063935,0.230644,0.007052,0.669355
img_01716.jpg,0.042174,0.054343,0.009873,0.0018385,0.4999325,0.0733495,3e-04,0.318189
img_01717.jpg,0.655063,0.034454,0.000513,0.001536,0.289246,0.009731,0.001759,0.007698
img_01724.jpg,0.871258,0.0138345,0.0345855,0.0022795,0.0197465,0.044082,0.002525,0.0116885
img_01745.jpg,0.880396,0.000367,0.10375,0.008986,0.003186,0.001831,0.001011,0.000473
img_01771.jpg,0.972214,0.001774,0.004123,0.0024875,0.0003015,0.013456,0.0021425,0.0035005
img_01773.jpg,0.6477615,0.009924,0.000674,0.001258,0.000134,0.003719,0.031755,0.3047745
img_01781.jpg,0.075336,0.005491,0.003484,0.063575,0.433071,0.417841,0.000959,0.000243
img_01782.jpg,0.003659,9.4e-05,0.000721,5.4e-05,0.986366,0.000258,0.000595,0.008254
img_01802.jpg,0.7213855,0.0062525,0.0020325,0.0014345,0.167062,0.0595505,0.001544,0.0407385
img_01803.jpg,0.0097195,0.0599475,0.682711,0.0017015,0.0012335,0.0339085,0.0009885,0.2097895
img_01824.jpg,0.762296,0.014804,0.0015765,0.003664,0.0004945,0.1739235,0.017834,0.0254085
img_01825.jpg,0.1956355,0.3211875,0.308368,0.001632,0.074361,0.0064375,0.001918,0.0904605
img_01831.jpg,0.5502705,0.001511,0.017665,0.278656,0.0017235,0.0126745,0.0004915,0.137007
img_01834.jpg,0.281385,0.013986,0.1160985,0.0062115,0.001225,0.0405525,0.004586,0.5359555
img_01847.jpg,0.0059395,0.14645,0.0007535,0.0006905,0.0004265,0.0708515,0.0009095,0.773979
img_01853.jpg,0.141126,0.008786,0.001012,0.0023705,0.001316,0.001704,0.0007445,0.8429415
img_01856.jpg,0.996874,8e-06,6e-06,2e-06,0.000103,0.000201,2.7e-05,0.002779
img_01860.jpg,0.672235,0.239758333333333,0.02453,0.006937,0.0366246666666667,0.0117426666666667,0.00631933333333333,0.001854
img_01862.jpg,0.903913,0.0016165,0.0228905,0.000932,0.0107485,0.0473525,0.001054,0.0114935
img_01874.jpg,0.5167435,0.046866,0.000662,0.0037145,0.02953,0.3207425,0.0665995,0.0151425
img_01888.jpg,0.0648835,0.0533585,0.0018775,0.013597,0.0015135,0.8554545,0.0023715,0.006944
img_01918.jpg,0.1922185,0.0110915,0.110496,0.5948375,0.005368,0.0068315,0.018765,0.060392
img_01930.jpg,0.9485225,0.0024665,0.038618,0.001274,0.001927,0.0058515,0.0011705,0.00017
img_01932.jpg,0.697401,0.027641,0.0047,0.0582755,0.005489,0.0147555,0.010177,0.1815615
img_01955.jpg,1.9e-05,6e-06,2.5e-05,1.5e-06,2.5e-06,1.35e-05,1.05e-05,0.9999215
img_01963.jpg,0.995987,0.0002415,0.0002235,8.45e-05,0.0001215,0.002128,7.05e-05,0.0011435
img_01966.jpg,0.9333334,0.0569054,0.0005104,0.0013958,0.0002726,0.0016224,0.0023128,0.0036474
img_01976.jpg,0.989918,0.000531,0.000203,0.0002395,0.0004135,0.0002655,0.000164,0.0082655
img_01983.jpg,0.775651,0.00273,0.0294145,0.001244,0.145154,0.0017695,0.0001825,0.0438545
img_01984.jpg,0.251757,0.0304933333333333,0.002007,0.0256973333333333,0.002109,0.014161,0.000219666666666667,0.673556333333333
img_01995.jpg,0.063999,0.191599,0.0575185,0.296014,0.043258,0.209742,0.0043395,0.1335305
img_01996.jpg,0.3481775,0.0033105,0.0005085,0.000838,0.0012945,0.6327135,0.0033535,0.0098045
img_02001.jpg,0.358264,0.014759,0.000736,0.0032745,0.0196725,0.538048,0.0594425,0.0058035
img_02006.jpg,0.768916,0.0340015,0.0233755,0.060731,0.0212015,0.053979,0.0016395,0.036156
img_02066.jpg,0.7007605,0.0283755,0.027939,0.01802,0.113945,0.0821445,0.019949,0.008867
img_02074.jpg,0.9184255,0.008367,0.00408,0.0513765,0.0031865,0.009304,0.0008435,0.0044175
img_02076.jpg,0.1613265,0.513235,0.007377,0.001648,0.0066595,0.0008965,0.002399,0.3064585
img_02077.jpg,0.41919725,0.05198175,0.03371425,0.23601925,0.00632875,0.20724325,0.03556575,0.00994975
img_02078.jpg,0.338797,0.000317,0.497517,0.000532,0.159981,0.00061,0.000918,0.001328
img_02082.jpg,0.281686666666667,0.000246333333333333,0.00874266666666667,0.00133033333333333,0.279436,0.272460666666667,0.0563306666666667,0.099766
img_02083.jpg,0.4523965,0.0025655,0.02792,0.0005165,0.4985355,0.0165255,0.000642,0.000898
img_02096.jpg,0.9996785,0.0001245,6.95e-05,4.5e-06,1.55e-05,2.85e-05,2.95e-05,5.05e-05
img_02119.jpg,0.9213415,0.005462,0.0169415,0.0021375,0.001769,0.040253,0.000603,0.0114935
img_02124.jpg,0.2359835,0.000671,0.0001315,0.00024,3e-04,0.7593635,0.003223,8.8e-05
img_02135.jpg,0.207652,0.021747,0.0822556666666667,0.0110676666666667,0.411941666666667,0.236032333333333,0.0247953333333333,0.00450766666666667
img_02146.jpg,0.897356,0.000849,0.002477,0.0002975,0.095045,0.0032835,0.000467,0.000225
img_02159.jpg,0.495797,0.012082,0.0251745,0.01272,0.2973695,0.1507355,0.0016535,0.004469
img_02172.jpg,0.706146,0.11856,0.05572,0.0016195,0.009318,0.090757,0.004483,0.0133965
img_02180.jpg,0.852322,0.0219885,0.001169,0.000977,0.0004935,0.1030795,0.00238,0.0175895
img_02188.jpg,0.1580105,0.020998,0.002252,0.0069105,0.000691,0.027753,0.527627,0.255758
img_02194.jpg,0.7972175,0.0357015,0.064518,0.00021,0.006945,0.0009455,0.000659,0.0938035
img_02209.jpg,0.179831,0.0004265,9.9e-05,0.000115,9.5e-05,0.8186655,0.0007265,4.1e-05
img_02216.jpg,0.5117845,0.3061445,0.0092,0.0011305,0.037029,0.0093955,0.001066,0.12425
img_02231.jpg,0.4407605,0.000669,0.009474,0.4537335,0.0545015,0.0352125,0.001145,0.0045035
img_02235.jpg,0.0635865,0.189062,0.0210295,0.316645,0.035741,0.252269,0.0065975,0.11507
img_02252.jpg,0.9146995,0.002374,0.042048,0.00094,0.027885,0.008624,0.002288,0.001141
img_02268.jpg,0.784601,0.050883,0.032242,0.0141285,0.0229355,0.049543,0.0029195,0.0427465
img_02270.jpg,0.9011965,0.0057525,0.008738,0.0142795,0.023704,0.0394365,0.0022415,0.0046505
img_02281.jpg,0.575398,0.011817,0.052916,0.145122,0.118339,0.029818,0.0152615,0.0513285
img_02282.jpg,2e-06,0.0001565,0.0012505,3.45e-05,2.1e-05,0.0019615,0.000484,0.9960905
img_02285.jpg,0.9355355,0.000897,0.0172225,0.001406,0.0385465,0.003851,0.0021605,0.0003815
img_02291.jpg,0.976619,0.0150705,0.000941,0.0002205,0.0009335,0.0036755,0.0018205,0.0007195
img_02299.jpg,0.594354,0.146046,0.0166,0.016452,0.0010145,0.017192,0.003258,0.2050835
img_02305.jpg,0.0561615,0.1655715,0.0170895,0.297892,0.0331535,0.107792,0.005366,0.316974
img_02307.jpg,0.5773855,0.060854,0.000268,0.0023295,0.0012745,0.055404,0.002114,0.30037
img_02309.jpg,0.9998215,7.15e-05,1.05e-05,5e-06,4e-05,5e-06,5e-07,4.65e-05
img_02318.jpg,0.23711,0.0013655,0.0018715,0.0007785,0.012383,0.010405,0.0074295,0.728656
img_02347.jpg,0.219496,0.003938,0.007878,0.004909,0.71635,0.007019,0.002348,0.038061
img_02356.jpg,0.0128845,0.00015,0.0012695,0.002575,0.1191855,0.000705,0.0002035,0.863027
img_02367.jpg,0.908564666666667,0.002676,0.001534,0.00155866666666667,0.00130933333333333,0.00110933333333333,0.0285893333333333,0.054659
img_02372.jpg,0.019252,0.003623,0.198296,0.000523,0.510631,0.266136,0.0002785,0.001261
img_02379.jpg,0.385468,0.0073795,0.0005805,0.0001035,0.0013485,0.000579,0.0010635,0.603477
img_02384.jpg,0.60111,0.006479,0.001066,0.00376,0.0072735,0.072283,0.1767095,0.13132
img_02398.jpg,0.8512145,0.0047425,0.001709,0.0117635,0.0031905,0.0781195,0.0030475,0.046213
img_02400.jpg,0.962412,0.019994,0.0019515,0.0005845,0.0004595,0.013708,0.000121,0.000769
img_02406.jpg,0.186667333333333,0.00967366666666667,0.0220503333333333,0.677196,0.00506766666666667,0.080827,0.00558366666666667,0.012934
img_02412.jpg,0.707739,0.0040915,0.0004145,0.0001425,0.0039515,0.000719,0.002361,0.2805805
img_02416.jpg,0.358449,0.337477,0.023572,0.002871,0.062751,0.162029,0.02956,0.023291
img_02422.jpg,0.8756765,0.084337,0.0012455,0.003914,0.002276,0.0182875,0.008161,0.0061025
img_02479.jpg,0.497764,0.0007495,0.00144,0.0001565,0.4993065,0.000179,0.000103,0.000302
img_02486.jpg,0.625066333333333,0.243970333333333,0.0814123333333333,0.004821,0.00189833333333333,0.0375706666666667,0.00243833333333333,0.00282266666666667
img_02487.jpg,0.7007915,0.159604,0.000338,0.000618,0.0014175,0.0089525,0.003717,0.1245615
img_02507.jpg,0.2369225,0.0097655,0.362571,0.021845,0.1562965,0.1883085,0.0115035,0.012787
img_02522.jpg,0.778198,0.042816,0.0022495,0.0040285,0.0034795,0.004278,0.0015375,0.1634135
img_02540.jpg,0.8636175,0.007392,0.028425,0.003313,0.0034575,0.0646565,0.0008845,0.028254
img_02546.jpg,0.2357835,0.06651,0.0447205,0.006319,0.3178585,0.241878,0.023178,0.0637525
img_02556.jpg,0.1411205,0.022475,0.0001145,0.000535,0.0003775,0.001966,0.000335,0.833078
img_02560.jpg,0.498593,0.0012065,0.0001535,0.000425,0.497375,0.000371,0.000479,0.0013975
img_02563.jpg,0.06729,0.021244,0.128989,0.002342,0.608746,0.166885,0.000725,0.0037795
img_02565.jpg,0.8870465,0.003196,0.000547,0.000666,0.041161,0.049253,0.0022915,0.0158385
img_02573.jpg,0.709325,0.1199795,0.012699,0.00306,0.020338,0.111735,0.010609,0.012255
img_02574.jpg,0.1439735,0.0550125,0.020191,0.0411535,0.082052,0.1116425,0.030418,0.515556
img_02602.jpg,0.756853,0.08412,0.002586,0.0040865,0.036312,0.0323715,0.0172985,0.066372
img_02607.jpg,0.511552,0.0026345,0.0088705,0.002791,0.242137,0.1603755,0.007486,0.0641535
img_02622.jpg,0.934897,0.002193,0.0007565,0.0008375,0.004109,0.035651,0.0036475,0.017909
img_02625.jpg,0.230838,0.00549,0.0004785,0.0005625,0.001108,0.7537465,0.0049355,0.0028405
img_02636.jpg,0.717030333333333,0.0413826666666667,0.0104756666666667,0.004863,0.0503876666666667,0.004015,0.00284466666666667,0.169001333333333
img_02638.jpg,0.976717,0.0044725,0.000175,0.001038,0.000167,0.014552,0.000716,0.0021615
img_02641.jpg,0.983154,0.002317,0.000517,0.000622,0.001704,0.009246,0.000176,0.002263
img_02646.jpg,0.000841,0.007904,0.0245005,0.0005805,0.0008015,0.002627,0.0013955,0.961351
img_02648.jpg,0.137142,0.001973,0.351383,0.0234605,0.0014485,0.1274575,0.0065785,0.350557
img_02651.jpg,0.983855,0.001275,0.0001385,0.00024,0.003472,0.0007105,3.55e-05,0.010273
img_02656.jpg,0.708562,0.036205,0.002625,0.0113015,0.001824,0.056305,0.0125675,0.1706095
img_02666.jpg,0.981857,0.00879733333333333,0.000722333333333333,9.13333333333333e-05,0.000195333333333333,0.006827,0.000351333333333333,0.00115866666666667
img_02679.jpg,0.528692,0.2533805,0.0140655,0.002731,0.018135,0.0011405,0.0044005,0.1774545
img_02687.jpg,0.2790525,0.005171,0.005747,0.000955,0.0024515,0.000815,0.0082315,0.697576
img_02699.jpg,0.843947,0.001289,0.006215,0.0031555,0.0265345,0.027548,0.0646365,0.0266735
img_02702.jpg,0.9261855,0.003617,0.046416,0.0057805,0.004849,0.004686,0.000251,0.008216
img_02703.jpg,0.442953,0.0009625,0.010616,0.0051165,0.0746135,0.000423,0.0118,0.453515
img_02709.jpg,0.764458,0.113325,0.056008,0.0348435,0.002827,0.018423,0.0024375,0.007678
img_02726.jpg,0.805907,0.0046635,0.0164495,0.0017845,0.1559,0.003267,0.000277,0.0117515
img_02733.jpg,0.85767,0.001005,0.016227,0.030635,0.007131,0.0793975,0.004789,0.003145
img_02734.jpg,0.7749845,0.011492,0.0246725,0.012078,0.0032325,0.1037705,0.034203,0.035566
img_02739.jpg,0.999741,4.05e-05,1.55e-05,8e-06,0.000147,1.45e-05,3.5e-06,2.95e-05
img_02749.jpg,0.588603,0.008221,0.020093,0.288718,0.007224,0.00732,0.0006665,0.079155
img_02759.jpg,0.1964065,0.0193885,0.024041,0.008239,0.069555,0.01282,0.0081195,0.661431
img_02764.jpg,0.9753795,0.0034155,0.0008425,0.000108,0.000638,0.000222,4.9e-05,0.019345
img_02766.jpg,0.9797805,0.000884,0.001076,0.000148,0.000724,0.002973,0.000867,0.013548
img_02769.jpg,0.071955,0.0248415,0.045166,0.005632,0.0225655,0.0145815,0.011524,0.803734
img_02771.jpg,0.94055425,0.02027025,0.0028745,0.0029185,0.0001785,0.03020025,0.00047775,0.00252675
img_02789.jpg,0.3678095,0.0046475,0.0804845,0.0155105,0.481356,0.01572,0.0343545,0.000118
img_02799.jpg,0.994747,0.000248,4.8e-05,5.5e-05,0.0046655,0.000166,9e-06,6.3e-05
img_02808.jpg,0.87446175,0.03002325,0.01161625,0.0169675,0.00103825,0.051045,0.001553,0.01329575
img_02811.jpg,0.6827575,0.0002605,0.0055965,0.0027295,0.016611,0.164702,0.0005725,0.126771
img_02830.jpg,0.352888,0.1686355,0.0092415,0.0163155,0.009511,0.2996095,0.0791325,0.0646675
img_02834.jpg,0.5531045,0.0493325,0.0008725,0.003505,0.0008785,0.0621905,0.0565075,0.2736085
img_02837.jpg,0.562281,0.017017,0.0004295,0.0203595,0.011829,0.004558,0.0003655,0.383161
img_02838.jpg,0.716900333333333,0.097052,0.105794666666667,0.00832633333333333,0.00908633333333333,0.058406,0.000738,0.00369766666666667
img_02842.jpg,0.15942,0.003534,0.0001535,0.0001685,0.0003315,0.8343555,0.001916,0.000121
img_02857.jpg,0.189541,0.005231,0.021163,0.00219,0.744958,0.007884,0.003119,0.025914
img_02865.jpg,0.044369,0.000681,0.00282,0.002494,0.447076,0.067621,0.011522,0.423416
img_02871.jpg,0.1684845,0.222507,0.010699,0.0188535,0.03175,0.472609,0.052492,0.022605
img_02876.jpg,0.214659,0.013073,0.1853265,0.003297,0.0040765,0.0010435,0.002454,0.57607
img_02889.jpg,0.8619835,0.0178265,0.028099,0.035958,0.0278655,0.0063245,0.0042805,0.0176635
img_02890.jpg,0.846471,0.007874,0.0048635,0.0241485,0.0049715,0.106602,0.001464,0.003606
img_02899.jpg,0.8107355,0.0184325,0.0112165,0.04555,0.0059805,0.1066685,0.0009865,0.0004305
img_02904.jpg,0.6733705,0.1014075,0.0210065,0.008767,0.0163725,0.150629,0.013511,0.0149355
img_02911.jpg,0.692589,0.006438,0.054401,0.1608235,0.064491,0.004253,0.003272,0.0137325
img_02916.jpg,0.883998666666667,0.00309466666666667,0.003522,0.00198166666666667,0.002972,0.0965286666666667,0.003781,0.004122
img_02920.jpg,0.87660625,0.105538,0.0015505,0.00167625,0.00042175,0.0127055,0.00055525,0.000947
img_02943.jpg,0.911437,0.000576,0.0240275,0.0038595,0.0013715,0.049084,0.0031365,0.006507
img_02949.jpg,0.877427,0.0008895,0.096094,0.009879,0.005734,0.0025345,0.005837,0.0016055
img_02954.jpg,0.363894,0.0295555,0.018679,0.001981,0.462279,0.0142765,0.1039915,0.0053425
img_02956.jpg,0.822033333333333,0.0424553333333333,0.00971533333333333,0.00112633333333333,0.002075,0.000512,0.00119133333333333,0.120891333333333
img_02964.jpg,0.0040005,0.0024855,0.0286585,0.000396,0.00066,0.002219,0.0041815,0.957399
img_02974.jpg,0.9972795,0.0006425,2.45e-05,2.05e-05,0.001252,0.000235,3.35e-05,0.0005125
img_02977.jpg,0.661745,0.127023,0.0108,0.0168135,0.159916,0.010025,0.004512,0.009165
img_02993.jpg,0.092633,0.0019595,0.0065285,0.001001,0.000803,0.043273,0.0019365,0.8518655
img_03014.jpg,0.0784235,0.045789,0.005937,0.0010165,0.502106,0.0270865,0.000377,0.339264
img_03043.jpg,0.000721,0.0111925,0.0755695,0.0030325,0.0141575,0.15872,0.041569,0.695038
img_03055.jpg,0.907821,0.0585243333333333,0.00107966666666667,0.00396466666666667,0.000785666666666667,0.0251306666666667,0.000126333333333333,0.00256766666666667
img_03064.jpg,0.841207,0.0376965,0.0101095,0.006694,0.009115,0.0180215,0.065823,0.011335
img_03069.jpg,0.1637885,0.0388965,0.022061,0.5231205,0.005263,0.041015,0.0173975,0.188458
img_03074.jpg,0.993569,0.00187266666666667,0.00037,0.000429,0.000230333333333333,0.000652,0.001573,0.00130333333333333
img_03078.jpg,0.688868666666667,0.254271333333333,0.0157123333333333,0.006893,0.000274,0.0271756666666667,0.00392033333333333,0.002885
img_03080.jpg,0.941987,0.040359,0.0025125,0.0049675,0.000422,0.0084125,0.0004365,0.000904
img_03082.jpg,0.5868145,0.4073445,0.0011945,0.0012865,0.000422,9.85e-05,0.0001515,0.0026875
img_03087.jpg,0.611903333333333,0.0146093333333333,0.00772133333333333,0.015797,0.326056,0.0198046666666667,0.00198333333333333,0.00212433333333333
img_03116.jpg,0.395258,0.0455475,0.0156115,0.003134,0.4098115,0.004235,0.0005265,0.125875
img_03128.jpg,0.7962355,0.0146315,0.000417,0.000386,0.001298,0.132027,0.0009715,0.0540335
img_03135.jpg,0.037412,0.0157395,0.0002665,0.000572,0.0003645,0.0013425,0.0012145,0.943088
img_03140.jpg,0.7460535,0.1559255,0.002032,0.006296,0.0093125,0.0364525,0.0195345,0.024394
img_03166.jpg,0.722842,0.0049515,0.003487,0.00205,0.1941915,0.03877,0.0014505,0.032257
img_03169.jpg,0.213003,0.1446075,0.493474,0.004637,0.0046205,0.0230595,0.006192,0.110406
img_03181.jpg,0.798196666666667,0.035211,0.00360233333333333,0.001072,0.003403,0.100912333333333,0.00350866666666667,0.0540933333333333
img_03195.jpg,0.552823,0.078542,0.0007955,0.019185,0.0076395,0.153367,0.150332,0.037316
img_03199.jpg,0.957939,0.01831,0.0009995,0.0005365,0.0006675,0.00722,0.009982,0.0043455
img_03210.jpg,0.007369,0.0041935,0.30553,0.0044135,0.0029635,0.068403,0.0038515,0.6032755
img_03220.jpg,0.8353585,0.028179,0.001659,0.002866,0.0632415,0.0490735,0.0153715,0.0042525
img_03222.jpg,0.900059,0.0261695,0.000126,0.001506,0.005483,0.0638205,0.0024835,0.000353
img_03223.jpg,0.667372,0.0368155,0.001189,0.002452,0.003357,0.0022485,0.000296,0.2862695
img_03228.jpg,0.797798666666667,0.0108803333333333,0.00607,0.170763666666667,0.000848666666666667,0.00549533333333333,0.001624,0.00651933333333333
img_03229.jpg,0.164559,0.008374,0.0082035,0.0036925,0.0030165,0.0403635,0.729011,0.0427805
img_03231.jpg,0.352104,0.031127,0.114705,0.018274,0.10856,0.315806,0.007447,0.051977
img_03238.jpg,0.828956,0.0172165,0.0009445,0.001646,0.0360925,0.070249,0.005894,0.039001
img_03239.jpg,0.0043185,0.019893,0.023269,0.002913,0.0079315,0.005096,0.935385,0.001194
img_03252.jpg,0.969576,0.0101525,0.0014665,0.000187,0.0003345,0.015879,0.000437,0.001967
img_03254.jpg,0.2130005,0.0045605,0.000123,0.0003035,0.0003385,0.7789335,0.002384,0.000356
img_03260.jpg,0.892349,0.0015535,0.000891,0.000797,0.001344,0.1011605,0.000395,0.001511
img_03261.jpg,0.750209333333333,0.0912783333333333,0.0846236666666667,0.0248363333333333,0.0113273333333333,0.035085,0.00183866666666667,0.000800666666666667
img_03270.jpg,0.013337,0.000562,0.000654,0.00032,0.07726,0.0001965,0.000258,0.907413
img_03283.jpg,0.0064545,0.008439,0.0060285,0.008498,0.0005955,0.002447,0.002792,0.9647465
img_03290.jpg,0.0748575,0.0128075,0.0026645,0.0007685,0.0034635,0.029036,0.00825,0.8681525
img_03297.jpg,0.989226,0.000857,0.00384,0.001841,0.000314,0.001774,0.000423,0.001725
img_03310.jpg,0.6430175,0.014888,0.000731,0.0039535,0.014997,0.318884,0.002985,0.000545
img_03312.jpg,0.82681875,0.03816575,0.0194085,0.002148,0.0002355,0.0164115,0.00141975,0.09539225
img_03324.jpg,0.2848705,0.002473,0.0685425,0.0029025,0.000533,0.0262575,0.002988,0.611434
img_03333.jpg,0.9319665,0.0039765,0.0001415,0.001854,9.8e-05,0.056314,0.0037345,0.001915
img_03342.jpg,0.7210515,0.2114695,0.0004605,0.0005755,0.000395,0.050454,0.0005915,0.015003
img_03346.jpg,0.984059,0.0104225,0.000499,0.0011995,0.001022,0.0017455,0.000138,0.000914
img_03355.jpg,0.5066885,0.002896,0.0006095,0.000729,0.0006785,0.0022045,0.0361025,0.450091
img_03361.jpg,0.542892,0.135605,0.0604386666666667,0.00968033333333333,0.00550666666666667,0.0218586666666667,0.0194426666666667,0.204577333333333
img_03370.jpg,0.9544065,0.003623,0.0012375,0.0013135,0.0008865,0.027966,0.000874,0.009692
img_03399.jpg,0.483552,0.162444,0.003327,0.00141,0.003703,0.344007,0.00146,9.75e-05
img_03410.jpg,0.516012,0.031017,0.0029985,0.0010865,0.407912,0.003423,0.000494,0.037058
img_03422.jpg,0.878218,0.00979766666666667,0.0143253333333333,0.039143,0.00248866666666667,0.0535483333333333,0.00137066666666667,0.00110833333333333
img_03426.jpg,0.9541275,0.002851,0.0016935,0.000317,0.0007025,0.0042635,0.0013145,0.0347285
img_03439.jpg,0.5296195,0.003058,0.027423,0.2100135,0.0062925,0.0119575,0.0003835,0.2112515
img_03440.jpg,0.009208,0.009628,0.138728,0.0014165,0.000697,0.0128875,0.002302,0.8251335
img_03444.jpg,0.984582666666667,0.00861966666666667,0.000598333333333333,0.000284333333333333,0.000108,0.00315,0.000213,0.002444
img_03445.jpg,0.636777,0.000305,0.000498,0.000251,0.354869,3.5e-05,0.001163,0.006102
img_03446.jpg,0.0008305,0.2404735,0.2901545,0.001523,0.002083,0.070606,0.00129,0.393039
img_03452.jpg,0.296044,0.6926895,0.0003005,0.000392,0.0013195,0.0008715,0.002022,0.0063615
img_03454.jpg,0.992944,0.000175,0.00015,6.3e-05,0.005279,0.001057,0.000175,0.000157
img_03456.jpg,0.344324333333333,0.0656183333333333,0.01156,0.00073,0.338069666666667,0.008618,0.000258333333333333,0.230821
img_03457.jpg,0.7676815,0.005202,0.0169755,0.002271,0.0292805,0.164627,0.001042,0.01292
img_03471.jpg,0.356126666666667,0.218491333333333,0.111735666666667,0.206732,0.00313966666666667,0.0696,0.00885166666666667,0.0253236666666667
img_03475.jpg,0.4772285,0.001129,0.0013735,0.0003845,0.4882535,0.004367,0.0042475,0.0230155
img_03488.jpg,0.72430875,0.06408675,0.03489275,0.01646725,0.00084325,0.0888335,0.0048805,0.0656875
img_03490.jpg,0.007269,0.503816,0.010752,0.001348,0.04491,0.418477,0.005648,0.007781
img_03502.jpg,0.8137805,0.0246805,0.0011945,0.000644,0.004777,0.141913,0.0057165,0.007294
img_03504.jpg,0.836859,0.02074,0.000442,0.000315,0.002812,0.125953,0.0013615,0.0115175
img_03520.jpg,0.721593,0.026368,0.022053,0.010985,0.1485785,0.047686,0.0118265,0.01091
img_03527.jpg,0.162233,0.290876,0.181719,0.0016805,0.002065,0.032556,0.0067415,0.3221285
img_03547.jpg,0.9630855,0.033623,0.000393,0.000557,5.975e-05,0.00156425,0.0001845,0.0005325
img_03548.jpg,0.4508485,0.039814,0.0066025,0.0277455,0.0046575,0.160221,0.155307,0.1548045
img_03554.jpg,0.993989,0.0021395,0.000326,0.0004535,0.002518,0.0002085,7.9e-05,0.000287
img_03563.jpg,0.8083755,0.138005,0.0173565,0.0020065,0.0012925,0.0001425,0.000118,0.0327035
img_03581.jpg,0.56717,0.00432,0.0184155,0.2210335,0.0077195,0.015516,0.0007795,0.165046
img_03584.jpg,2.6e-05,0.0008985,0.013552,0.000977,0.0265545,0.00012,0.000539,0.957333
img_03587.jpg,0.132757,0.00943,0.000107,0.0010745,0.000216,0.003726,0.000544,0.8521455
img_03588.jpg,0.2073205,0.0055255,0.0002705,0.000991,0.002758,0.778612,0.002924,0.001598
img_03602.jpg,0.1249045,0.0015685,0.0001315,0.000208,0.000429,0.8710975,0.001397,0.0002655
img_03627.jpg,0.9458195,0.003079,0.0035275,0.0009485,0.0134295,0.0310085,0.00108,0.0011075
img_03628.jpg,0.9662755,0.004679,0.0011215,0.0008115,0.000382,0.00065,0.0003085,0.025772
img_03652.jpg,0.998035,7e-06,2.6e-05,7.6e-05,0.001135,0.000404,9e-06,0.000308
img_03670.jpg,0.7408905,0.000453,0.050936,0.001203,0.009755,0.002696,0.012597,0.1814705
img_03674.jpg,0.4806855,0.0001825,0.000988,0.002113,0.491166,0.007311,0.017249,0.000305
img_03677.jpg,0.914848,0.0160296666666667,0.00329233333333333,0.00913566666666667,0.00101533333333333,0.0435536666666667,0.000481333333333333,0.0116436666666667
img_03711.jpg,0.945597,0.041748,0.002092,0.0018855,0.0040325,0.0011945,0.0012365,0.002214
img_03715.jpg,0.009235,0.009771,0.017562,0.904843,0.053146,0.00271,0.002684,4.8e-05
img_03718.jpg,0.943986,0.001816,0.0014635,0.0074975,0.0019615,0.03798,0.0008265,0.004469
img_03726.jpg,0.0653405,0.139099,0.020857,0.3044875,0.035665,0.1514755,0.0046625,0.278413
img_03739.jpg,7.6e-05,0.009155,0.020489,0.000118,5.45e-05,0.0005745,0.000208,0.9693245
img_03749.jpg,0.0105905,0.0061565,0.0017465,0.002152,0.0015145,0.3794695,0.0396775,0.558693
img_03750.jpg,0.610972333333333,0.0146583333333333,0.00438333333333333,0.00881133333333333,0.0353016666666667,0.212980333333333,0.0444543333333333,0.0684376666666667
img_03760.jpg,0.1530855,0.002498,0.0004685,0.0003615,0.00022,0.281358,0.0035005,0.558507
img_03764.jpg,0.5675425,0.05148625,0.009336,0.00255325,0.00044675,0.01204725,0.072836,0.28375175
img_03776.jpg,0.7274295,0.0034735,0.0089735,0.0026355,0.18411,0.0025415,0.00375,0.067087
img_03801.jpg,0.9707285,0.0007455,8e-05,4.8e-05,6.7e-05,0.0003265,0.000201,0.027803
img_03805.jpg,0.677597666666667,0.071821,0.0170333333333333,0.0108016666666667,0.00417833333333333,0.162936,0.00811066666666667,0.0475213333333333
img_03809.jpg,0.464784,0.393247,0.006004,0.002757,0.01195,0.022033,0.024929,0.074297
img_03825.jpg,0.995819,0.000401333333333333,6.06666666666667e-05,6.4e-05,0.000131,0.000959333333333333,3.5e-05,0.00253033333333333
img_03831.jpg,0.000777,0.0358635,0.0254445,0.001262,0.0015565,0.002738,0.0005855,0.9317735
img_03837.jpg,0.965746,0.0237115,0.0002555,0.001104,0.00177,0.000829,0.000339,0.0062445
img_03847.jpg,0.0081485,0.3110975,0.0015235,0.0711515,0.002533,0.591951,0.012939,0.000655
img_03853.jpg,0.971652,0.0022995,0.000363,0.0003605,0.006351,0.0171995,0.000595,0.0011785
img_03866.jpg,0.799796,0.023264,0.0018465,0.0066115,0.029171,0.053293,0.025373,0.060645
img_03867.jpg,0.4411515,0.002061,0.006754,0.0066025,0.394823,0.13441,0.011843,0.0023535
img_03869.jpg,0.9915855,0.0014775,0.0003075,0.0001565,0.0004085,0.005031,0.0001005,0.0009325
img_03871.jpg,0.5341665,0.077141,0.0246125,0.003776,0.017571,0.171267,0.004286,0.16718
img_03886.jpg,0.9603545,0.0022885,0.011108,0.0019865,0.0164835,0.0043415,0.0008015,0.002636
img_03891.jpg,0.86549075,0.12063225,0.002425,0.00083125,0.0003365,0.0063545,0.00063975,0.0032895
img_03892.jpg,0.0827635,0.140046,0.0026315,0.0105015,0.0138955,0.4676125,0.182602,0.0999475
img_03896.jpg,0.9851175,0.0024655,0.000393,0.000197,0.0005565,0.0101935,0.000107,0.000969
img_03923.jpg,0.2595955,0.1016025,0.1118175,0.1267345,0.0469865,0.223852,0.117656,0.011755
img_03924.jpg,0.48109,0.0069205,0.002084,0.000428,0.359808,0.0007675,6.6e-05,0.1488355
img_03928.jpg,0.229507,0.0523465,0.0176695,0.015205,0.022272,0.055652,0.5879925,0.019355
img_03929.jpg,0.074458,0.138786,0.015209,0.455084,0.040289,0.1598395,0.0049645,0.1113705
img_03931.jpg,0.686102,0.0032835,0.0018365,0.0024965,0.1987765,0.0385785,0.001084,0.067842
img_03935.jpg,0.510157,1.6e-05,0.000103,0.0003605,0.4456805,0.029525,0.014079,7.85e-05
img_03941.jpg,0.5196395,0.008236,0.005833,0.0057745,0.0039185,0.4373545,0.010073,0.0091715
img_03942.jpg,0.781150333333333,0.185604333333333,0.004833,0.00223233333333333,0.0104246666666667,0.009322,0.00215166666666667,0.00428133333333333
img_03943.jpg,0.882414333333333,0.002161,0.004505,0.000342333333333333,0.001408,0.0308613333333333,0.00121366666666667,0.0770936666666667
img_03945.jpg,0.2654595,0.0003145,0.000172,0.000144,0.00021,0.7318965,0.0016185,0.000185
img_03946.jpg,0.1342535,0.161403,0.017184,0.279364,0.0319485,0.1387135,0.00299,0.234144
img_03952.jpg,0.8016345,0.0450695,0.004089,0.001171,0.004721,0.133515,0.001744,0.008056
img_03967.jpg,0.858117,0.039383,0.0045175,0.0017515,0.0229625,0.0119775,0.0047015,0.0565895
img_03974.jpg,0.878375333333333,0.00475233333333333,0.0192883333333333,0.0103403333333333,0.02306,0.0572903333333333,0.00473133333333333,0.00216166666666667
img_03992.jpg,0.419394,0.3745165,0.0179695,0.0028835,0.0387385,0.0008665,0.004509,0.141123
img_03995.jpg,4.15e-05,0.001748,0.01146,0.0001065,0.0015115,2.7e-05,0.000343,0.9847625
img_03996.jpg,0.79850725,0.02914575,0.0072805,0.01359525,0.001956,0.0308605,0.00252575,0.1161285
img_04001.jpg,0.569237,0.1317215,0.0047675,0.0037765,0.0019975,0.226744,0.011294,0.05046175
img_04002.jpg,0.0334185,0.1628195,0.0018255,0.0186395,0.009398,0.7690305,0.004315,0.000554
img_04003.jpg,0.891086,0.000309,0.0021195,0.0062025,0.012617,0.081613,0.0001455,0.0059075
img_04004.jpg,0.7577905,0.053488,0.037232,0.0045525,0.0173185,0.1103305,0.003193,0.0160955
img_04013.jpg,0.0872485,0.1536115,0.0168365,0.523702,0.0382525,0.069055,0.013723,0.0975705
img_04015.jpg,0.9483205,0.0120625,0.000883,0.0007845,0.008064,0.02819,0.0009445,0.000752
img_04024.jpg,0.976986,0.0079775,0.0001375,0.000155,0.0001545,0.0130075,0.0004595,0.0011215
img_04036.jpg,0.7965615,0.021402,0.0012305,0.0025855,0.0005175,0.0174535,0.050761,0.1094885
img_04037.jpg,0.696027,0.0281825,0.006966,0.012214,0.0040625,0.0485845,0.148893,0.05507
img_04044.jpg,0.912961,0.006363,0.00602,0.002294,0.022397,0.025128,0.001997,0.022841
img_04061.jpg,0.0484145,0.114487,0.0021225,0.0232805,0.0043365,0.3193935,0.03268,0.455286
img_04069.jpg,0.848354,0.0008135,0.003031,0.005568,0.0014025,0.12912,0.0010505,0.010661
img_04073.jpg,0.0418015,0.538193,0.006581,0.1259275,0.0146155,0.1676025,0.003157,0.1021215
img_04076.jpg,0.888419,0.007118,0.0007065,0.000591,0.004847,0.0963345,0.001412,0.0005725
img_04101.jpg,0.3218455,0.0902145,0.0033665,0.002171,0.0025895,0.577345,0.0024555,1.15e-05
img_04115.jpg,0.9378825,0.0030965,0.00222,0.0009415,0.001123,0.004059,0.010334,0.040344
img_04118.jpg,0.752484,0.0264705,0.0030595,0.0012505,0.004696,0.0924935,0.007134,0.112412
img_04126.jpg,0.548732,0.0057995,0.008185,0.001606,0.4185055,0.0052515,0.00108,0.01084
img_04127.jpg,0.1697345,0.158366,0.012902,0.008994,0.0107825,0.4620935,0.048503,0.1286235
img_04128.jpg,0.498599,0.3670195,0.0081555,0.0070815,0.015465,0.0071555,0.0209675,0.075556
img_04129.jpg,0.8360958,0.0742434,0.0050016,0.0027632,0.0019014,0.0308414,0.000717,0.0484356
img_04130.jpg,0.984300333333333,0.00351766666666667,0.00172366666666667,0.000359333333333333,0.00637733333333333,0.00147,0.000442333333333333,0.00180933333333333
img_04136.jpg,0.972463,0.000319,0.018491,0.003438,0.001247,0.003093,0.000294,0.000656
img_04138.jpg,0.667561333333333,0.000571333333333333,0.000236,0.000310333333333333,0.325943666666667,0.00138966666666667,0.00398033333333333,7.33333333333333e-06
img_04145.jpg,0.4754105,0.0071345,0.001207,0.003671,0.008973,0.448122,0.029937,0.0255455
img_04156.jpg,0.9771915,0.0024835,0.0083995,0.003924,0.002329,0.0044235,0.000405,0.000844
img_04181.jpg,0.745578333333333,0.012172,0.0226113333333333,0.000393,0.000652,0.196101666666667,8e-04,0.0216916666666667
img_04183.jpg,0.942916,0.000143,6.3e-05,0.000138,0.001799,0.000472,2.1e-05,0.054448
img_04204.jpg,0.0054285,0.021222,0.006385,0.0045565,0.0030855,0.00406,0.0006475,0.954615
img_04221.jpg,0.846260333333333,0.00289766666666667,0.000475333333333333,0.00235733333333333,0.000495,0.0411646666666667,0.000636333333333333,0.105713666666667
img_04233.jpg,0.007929,0.033594,0.000871,0.002611,0.733261,0.007059,0.001957,0.212718
img_04237.jpg,0.4532855,0.4629265,0.004704,0.002109,0.0195,0.0192515,0.0022345,0.0359885
img_04240.jpg,0.581533,0.0137795,0.002249,0.001324,0.0714365,0.072908,0.006978,0.249792
img_04247.jpg,0.067591,0.0007115,0.0537275,0.035954,0.0135805,0.000508,0.028701,0.799227
img_04250.jpg,0.321952666666667,0.00322633333333333,0.056287,0.006393,0.333693,0.259548666666667,0.018555,0.000344333333333333
img_04257.jpg,0.7264875,0.0004095,0.000361,0.000111,0.2278815,0.000775,0.002517,0.041458
img_04261.jpg,0.5167785,0.477038,0.000326,0.00123,0.000146,6e-06,0.0001065,0.0043685
img_04263.jpg,0.993474,0.0023895,3.35e-05,7.5e-05,0.000694,0.002281,0.0005245,0.000529
img_04266.jpg,0.3117385,0.0010215,0.000235,0.00026,0.000467,0.683439,0.0016435,0.001196
img_04268.jpg,0.943745,0.017868,0.0003655,0.0003845,0.0005805,0.029461,0.0008495,0.0067465
img_04271.jpg,0.499384,0.0002265,9.75e-05,0.0011105,0.4974325,0.0015795,9.6e-05,7.35e-05
img_04272.jpg,0.9464005,0.0048705,0.001037,0.000311,0.0013225,0.0048175,9.3e-05,0.0411485
img_04282.jpg,0.2421845,0.1059605,0.0060395,0.004818,0.010302,0.4261765,0.190042,0.014476
img_04285.jpg,0.6855475,0.014152,0.0002315,0.0028145,0.0004865,0.0131115,0.0189345,0.2647215
img_04306.jpg,0.9992695,0.0002205,6.45e-05,2.35e-05,2.95e-05,2.1e-05,8.45e-05,0.000287
img_04310.jpg,0.456928666666667,0.178345666666667,0.0519486666666667,0.0288093333333333,0.009899,0.0380563333333333,0.00405366666666667,0.231959
img_04321.jpg,0.8273215,0.0174175,0.001009,0.001423,0.004399,0.00184,0.0065695,0.1400195
img_04323.jpg,0.020013,5e-06,7.2e-05,0.000339,0.9596,0.000338,0.019586,4.6e-05
img_04324.jpg,0.019728,0.001164,0.001681,0.00112,0.945101,0.001065,0.000141,0.03
img_04341.jpg,0.919086,0.00052,0.000788,0.0005085,0.0243775,0.0112795,0.0428115,0.000629
img_04369.jpg,0.394113,0.008585,0.003507,0.002714,0.000509,0.572024,0.009187,0.009361
img_04370.jpg,0.9143245,0.024051,0.0016385,0.0046925,0.000354,0.014398,0.0087125,0.031829
img_04375.jpg,0.3260105,0.00026,0.0575275,0.0043345,0.4839815,0.073327,0.02411,0.0304495
img_04382.jpg,0.004126,0.0213405,0.338985,0.003706,0.0006875,0.001062,0.000899,0.6291945
img_04386.jpg,0.159923,0.0430895,0.012677,0.0137345,0.051242,0.420416,0.0364275,0.26249
img_04390.jpg,0.333467333333333,0.000311333333333333,0.0397996666666667,0.000229333333333333,0.006991,0.001759,0.000274666666666667,0.617167333333333
img_04405.jpg,0.651318,0.022467,0.000338,0.0011255,7.75e-05,0.004302,0.0387655,0.281607
img_04408.jpg,0.756618,0.224726,0.0013625,0.004658,0.000513,6.15e-05,0.0001795,0.011882
img_04410.jpg,0.775255333333333,0.00156266666666667,0.000945666666666667,0.00251166666666667,0.00391733333333333,0.194697,0.002964,0.0181463333333333
img_04415.jpg,0.208782,0.037291,0.015945,0.037381,0.064484,0.090372,0.014544,0.531201
img_04419.jpg,0.4172605,0.0307095,0.0040905,0.001118,0.499236,0.0469145,0.000603,6.85e-05
img_04422.jpg,0.962927,0.026156,0.0005735,0.000389,0.0005735,0.005351,3e-04,0.00373
img_04423.jpg,0.8668595,0.002423,0.0088545,0.001516,0.0671185,0.0011075,0.001069,0.051052
img_04425.jpg,0.837608333333333,0.100986666666667,0.00592166666666667,0.0168813333333333,0.003091,0.0152616666666667,0.002188,0.0180616666666667
img_04427.jpg,0.227261,0.0085965,0.000639,0.002629,0.0011685,0.035136,0.475071,0.2494995
img_04432.jpg,0.9985535,0.0004445,0.000201,0.0001245,0.000511,0.000116,9e-06,4.1e-05
img_04453.jpg,0.078422,0.000777,0.0837483333333333,0.008289,0.39825,0.158867666666667,0.229968666666667,0.0416766666666667
img_04461.jpg,0.640121666666667,0.00913033333333333,0.254785666666667,0.0633053333333333,0.00505266666666667,0.00766133333333333,0.018345,0.001598
img_04476.jpg,0.5756415,0.031295,0.00567,0.005696,0.034928,0.1877935,0.031269,0.127707
img_04478.jpg,0.88122475,0.089701,0.00368225,0.002512,0.00190675,0.01689225,0.00126925,0.0028115
img_04479.jpg,0.3052145,0.0058005,0.00394,0.001192,0.0170085,0.639155,0.004013,0.023678
img_04482.jpg,0.964628333333333,0.002974,0.00711033333333333,0.005399,0.00036,0.0159426666666667,0.003016,0.000569333333333333
img_04496.jpg,0.980416,0.001384,0.0009165,0.0005855,0.000247,0.0009445,0.0003615,0.0151455
img_04503.jpg,0.364966,0.000932333333333333,0.00114133333333333,0.002322,0.414026333333333,0.0526763333333333,0.121609666666667,0.042326
img_04507.jpg,7.95e-05,1e-04,0.0144325,0.000172,0.0002175,0.0004255,0.0007845,0.9837895
img_04511.jpg,0.2147335,0.0129515,0.015246,0.002387,0.068433,0.6832605,0.002034,0.000955
img_04520.jpg,0.829538,0.0004405,0.005291,0.001109,0.049816,0.010899,0.101912,0.000994
img_04532.jpg,0.113304,0.0431195,0.003231,0.0182465,0.0017865,0.8162555,0.0022205,0.001837
img_04546.jpg,0.061326,0.0016665,0.002689,0.000337,0.000479,0.0120005,0.0049985,0.9165035
img_04554.jpg,0.991643,0.000415,0.0004675,0.000998,0.0048155,0.0009735,0.0005675,0.0001195
img_04559.jpg,0.2579145,0.0500765,0.236695,0.006353,0.0069555,0.411488,0.001938,0.02858
img_04562.jpg,6.35e-05,1.9e-05,0.00027,1.25e-05,5e-06,0.000329,0.000463,0.998838
img_04563.jpg,0.9001005,0.004559,0.0001475,0.001381,6.1e-05,0.0893495,0.001631,0.0027715
img_04585.jpg,0.000424,1.1e-05,0.000734,5.2e-05,0.998175,0.000461,0.000116,2.8e-05
img_04586.jpg,0.933649,0.022741,0.000532666666666667,0.000674,0.000440333333333333,0.024915,0.000520333333333333,0.0165283333333333
img_04603.jpg,0.6640175,0.0133335,0.0867635,0.0023725,0.083063,0.1017505,0.0054795,0.0432205
img_04624.jpg,0.067359,0.060419,0.002396,0.0172135,0.002426,0.839376,0.0016885,0.009123
img_04629.jpg,0.7824255,0.000796,0.000816,0.000389,0.1804105,0.0008605,0.000336,0.0339675
img_04640.jpg,0.595077,0.0185125,0.0005685,0.002657,0.061004,0.2648795,0.049032,0.00827
img_04642.jpg,0.811251,0.00084,0.0093855,0.0007715,0.0293135,0.1084115,0.017203,0.022824
img_04647.jpg,0.994869,0.0004835,9.35e-05,0.000152,0.0039675,0.0002565,4.3e-05,0.0001355
img_04657.jpg,0.23534,0.1100895,0.372207,0.020034,0.067355,0.1917095,0.001147,0.0021185
img_04661.jpg,0.680574333333333,0.0268146666666667,0.000314666666666667,0.00349466666666667,0.007336,0.278984333333333,0.00159166666666667,0.000889666666666667
img_04671.jpg,0.9743245,0.0115785,0.0003105,0.0003895,0.0002675,0.008905,0.0009975,0.003226
img_04675.jpg,0.0013515,0.026748,0.818316,0.0022235,0.0009965,0.0558585,0.001182,0.093325
img_04696.jpg,0.996991,0.0004535,0.0001475,0.000107,0.002063,0.0001365,1e-05,9.2e-05
img_04705.jpg,3.45e-05,0.000813,0.1471915,0.0015015,0.0033265,0.0001335,0.0020195,0.84498
img_04712.jpg,0.1634975,0.045779,0.3397785,0.013978,0.1054245,0.023409,0.0081535,0.2999815
img_04719.jpg,0.142575,0.001546,0.005411,0.021768,0.406636,0.272776,0.14755,0.001739
img_04723.jpg,0.001179,0.009628,0.690436,0.003252,0.000641,0.003782,0.000791,0.290291
img_04726.jpg,0.195829,0.061693,0.0128155,0.001611,0.4989935,0.0376675,0.000362,0.1910285
img_04740.jpg,0.707334,0.0034955,0.0432305,0.005255,0.0913905,0.143614,0.0026525,0.003028
img_04750.jpg,0.17372,0.000211,0.000126,0.000351,0.823693,0.001586,6.6e-05,0.000246
img_04752.jpg,0.298724333333333,0.00128866666666667,0.0698273333333333,0.544960666666667,0.00355433333333333,0.051798,0.00788133333333333,0.021965
img_04757.jpg,0.714121,0.006056,0.000571,0.003786,0.017319,0.2349935,0.016165,0.006988
img_04766.jpg,0.9252535,0.020158,0.002525,0.0015735,0.002068,0.0165575,0.007308,0.0245555
img_04795.jpg,0.097866,0.0105636666666667,0.00786866666666667,0.00393533333333333,0.00508433333333333,0.0906936666666667,0.778301,0.00568666666666667
img_04811.jpg,0.3192655,0.208954,0.006094,0.0034675,0.0180775,0.307727,0.007544,0.1288715
img_04814.jpg,0.1839725,0.0041285,0.6220775,0.086865,0.02629,0.001596,0.012832,0.0622385
img_04830.jpg,0.872596,0.0011375,0.008915,0.0003765,0.0559635,0.0040715,0.0022825,0.0546565
img_04835.jpg,0.260192,0.1483105,0.0238145,0.1541535,0.025956,0.3450335,0.011833,0.0307065
img_04856.jpg,0.922157,0.0262685,0.0044025,0.009909,0.01111,0.0038465,0.012675,0.009632
img_04860.jpg,0.862539,0.0027445,0.000539,0.0034795,0.0306055,0.083731,0.0003675,0.015993
img_04870.jpg,0.653821333333333,0.0306036666666667,0.101463,0.051917,0.008473,0.126398,0.026298,0.00102633333333333
img_04872.jpg,0.9920825,0.000257,0.0003685,0.000465,0.001704,0.003919,0.000517,0.0006875
img_04879.jpg,0.0464305,0.213581,0.001957,0.024642,0.008624,0.698516,0.0058825,0.0003675
img_04885.jpg,0.11248,0.0968435,0.0133825,0.5390305,0.057851,0.057003,0.0085435,0.1148665
img_04888.jpg,0.8285995,0.0006845,0.01945,0.002038,0.0026175,0.1361585,0.001083,0.0093685
img_04921.jpg,0.373338,0.003093,0.000431,0.000388,0.001424,0.6141895,0.004058,0.003079
img_04949.jpg,0.436693,0.312336,0.0049365,0.0015275,0.0006295,0.0544635,0.12249,0.066924
img_04959.jpg,0.647607,0.1732895,0.0502185,0.010198,0.017393,0.057434,0.010841,0.0330185
img_04962.jpg,0.0005335,0.005071,0.125831,0.001679,0.0010295,0.060918,0.0016265,0.803312
img_04975.jpg,0.318722,0.0090615,0.0042515,0.001754,0.021248,0.059985,0.089546,0.495432
img_04990.jpg,0.557891,0.004551,0.00043,0.0018035,0.000106,0.0056945,0.147965,0.2815595
img_04991.jpg,0.015867,0.094008,0.001932,0.0482635,0.006369,0.8165085,0.015813,0.0012395
img_05015.jpg,0.5036485,0.0074995,0.022539,0.452461,0.009531,0.0008665,0.000317,0.003137
img_05016.jpg,0.7551,0.023451,0.003179,0.001262,0.000954,0.193766,0.0042755,0.0180125
img_05021.jpg,0.37878,0.0084665,0.0571965,0.007521,0.521252,0.0159495,0.010682,0.0001525
img_05026.jpg,0.732656,0.013288,0.00012,0.000319,0.0002025,0.0103375,0.0003265,0.2427505
img_05030.jpg,0.3318295,0.0757115,0.0160955,0.021924,0.0160435,0.326642,0.192619,0.0191345
img_05038.jpg,0.821108,0.0673995,0.000755,0.00248,0.00043,0.0522765,0.0134395,0.0421105
img_05046.jpg,0.576281,0.1425925,0.000384,0.0024605,0.002791,0.0701765,0.0066705,0.198644
img_05055.jpg,0.703919666666667,0.00168833333333333,0.00412666666666667,0.00317133333333333,0.228350666666667,0.0540786666666667,0.002548,0.002117
img_05059.jpg,0.325967666666667,0.00573266666666667,0.176159,0.000965,0.246214666666667,0.00215266666666667,0.000388333333333333,0.24242
img_05064.jpg,0.857298,0.011994,0.01433,0.012701,0.0245895,0.060145,0.0060745,0.012868
img_05068.jpg,0.517899,0.452498,0.0048135,0.004267,0.003648,0.0050985,0.001152,0.010624
img_05074.jpg,0.850707666666667,0.001786,0.00131266666666667,0.000182,0.141436666666667,0.003063,0.000366,0.00114533333333333
img_05076.jpg,0.233189,0.0769925,0.0004315,0.002109,0.0008725,0.0105305,0.0008285,0.675046
img_05078.jpg,0.0806685,0.1339935,0.492174,0.003727,0.0277605,0.0068185,0.001387,0.2534705
img_05084.jpg,0.548207333333333,0.061763,0.00662966666666667,0.00473333333333333,0.000550333333333333,0.081745,0.0963276666666667,0.200043333333333
img_05085.jpg,0.6702955,0.0077885,0.025188,0.0209635,0.168865,0.02366,0.031405,0.0518345
img_05087.jpg,0.9941415,0.000418,0.0002105,6.15e-05,0.0003245,0.003639,0.0004315,0.0007745
img_05095.jpg,0.788573,0.18083025,0.00187375,0.00124,0.00022275,0.01691375,0.00098925,0.00935725
img_05119.jpg,0.9348295,0.0161295,0.0013325,0.002791,0.001233,0.001696,0.00071,0.0412785
img_05137.jpg,0.7829565,0.0129485,0.0011895,0.002328,0.002518,0.191415,0.0017055,0.004939
img_05139.jpg,0.000468,0.00117,0.02567,0.002138,0.001033,0.018468,0.002573,0.948481
img_05147.jpg,0.518879,0.0093705,0.0167635,0.4252475,0.005503,0.0037865,0.000492,0.019959
img_05156.jpg,0.5840635,0.000531,0.001986,0.003046,0.068659,0.338574,0.0013845,0.0017555
img_05185.jpg,0.997417,0.0005215,0.0002765,3.9e-05,2.8e-05,0.000857,3.85e-05,0.000822
img_05186.jpg,0.926151,0.0013565,0.000183,5e-05,0.000532,4e-05,0.0001285,0.07156
img_05192.jpg,0.043438,0.093625,0.0124025,0.0302025,0.0005535,0.006628,0.218961,0.5941895
img_05196.jpg,0.237235666666667,0.0265006666666667,0.0565363333333333,0.005121,0.359918,0.285258666666667,0.00484766666666667,0.0245816666666667
img_05209.jpg,0.948407,0.0018455,0.042273,0.0023495,0.00141,0.002974,0.000703,3.95e-05
img_05210.jpg,0.4515135,0.000735,0.0023385,0.0004825,0.011322,0.0006545,0.0001465,0.5328075
img_05211.jpg,0.533126666666667,0.154262,0.000992333333333333,0.007178,0.001621,0.019178,0.127853333333333,0.155789
img_05222.jpg,0.8005285,0.053737,0.03795,0.0040395,0.0350275,0.046765,0.0046935,0.0172595
img_05236.jpg,0.7519025,0.0316505,0.000836,0.001349,0.006483,0.1204105,0.0080275,0.0793405
img_05241.jpg,0.7263445,0.008143,0.003559,0.023416,0.0029495,0.230642,0.0006495,0.0042965
img_05244.jpg,0.83844525,0.0934785,0.004027,0.00210375,0.00175325,0.050045,0.00168175,0.0084655
img_05251.jpg,0.174495,0.141577,0.0199735,0.016592,0.017516,0.342772,0.2066435,0.0804325
img_05253.jpg,2e-06,0.000303,0.0027825,6.05e-05,1.6e-05,2.05e-05,0.000308,0.996507
img_05260.jpg,0.96859,0.004606,0.0133265,0.0021435,0.0003895,0.006547,0.0006075,0.00379
img_05264.jpg,0.0002305,0.021304,0.85506,0.00108,0.0002155,0.0302105,0.0010855,0.0908155
img_05268.jpg,0.4265475,0.0072555,0.000407,0.0014735,0.0542465,0.4714985,0.0172105,0.021361
img_05269.jpg,0.884025,0.004115,0.014634,0.0015815,0.0577465,0.003725,0.0012595,0.032913
img_05273.jpg,0.7946695,0.0129455,0.026157,0.0023445,0.0215315,0.125986,0.0022135,0.0141525
img_05276.jpg,0.1556995,0.0175615,0.002302,0.000422,0.498112,0.018698,0.0004845,0.3067205
img_05284.jpg,0.890625,0.067927,0.0010775,7e-04,0.0015385,0.0156425,0.003074,0.019415
img_05292.jpg,0.293507,0.1178325,0.001149,0.001275,0.0015065,0.2514435,0.000467,0.3328195
img_05293.jpg,0.006232,0.4669055,0.012187,0.207697,0.009949,0.259007,0.00239,0.0356335
img_05322.jpg,0.9382985,0.052362,0.000208,0.0014785,0.0056985,0.000596,0.000196,0.001161
img_05328.jpg,0.960839,0.0003145,0.0007715,0.0002545,0.0044265,0.006905,0.0236825,0.0028065
img_05336.jpg,0.841440333333333,0.128336333333333,0.000976666666666667,0.004857,0.000423666666666667,0.016961,0.000216,0.006789
img_05341.jpg,0.8451195,0.0794205,0.006361,0.002194,0.0128215,0.049412,0.001719,0.0029535
img_05349.jpg,0.482599666666667,0.227161666666667,0.004321,0.00444766666666667,0.00250733333333333,0.204050666666667,0.0420393333333333,0.0328726666666667
img_05359.jpg,0.0738575,0.205636,0.0010045,0.000662,0.000712,0.237444,0.000508,0.480176
img_05378.jpg,0.926169,0.00023,0.003899,0.000339,0.047471,0.0004425,0.000203,0.0212475
img_05393.jpg,0.365637333333333,0.323211666666667,0.0134006666666667,0.0559723333333333,0.007007,0.0500456666666667,0.139862,0.044863
img_05410.jpg,6e-06,0.0121665,0.0406045,0.000285,0.000557,0.0180365,0.001099,0.9272455
img_05426.jpg,0.501045,0.010546,0.0150135,0.4680255,0.0032165,0.000643,0.0002055,0.001304
img_05433.jpg,0.2969055,0.0025985,0.0007955,0.003195,0.0136515,0.4839825,0.171725,0.027147
img_05434.jpg,0.4634725,0.0128625,0.010326,0.02933,0.415811,0.028961,0.004876,0.0343605
img_05438.jpg,0.4446335,0.1728725,0.001683,0.001397,0.0048055,0.3706475,0.003527,0.000434
img_05439.jpg,0.926863,0.004329,0.0008085,0.0036365,0.0433215,0.012743,0.000224,0.008074
img_05440.jpg,0.9861695,0.001932,0.0085825,0.0003065,0.001858,0.00084,0.0001455,0.0001655
img_05445.jpg,0.7853945,0.0134395,0.0023815,0.0138305,0.0252615,0.1317135,0.000495,0.027484
img_05454.jpg,0.3836365,0.0001655,0.0011405,0.000146,0.497648,0.1136815,0.0002965,0.0032845
img_05459.jpg,0.9169355,0.00768,0.0365825,0.004683,0.003743,0.0156305,0.0003245,0.014422
img_05463.jpg,0.3733385,0.155335,0.0014945,0.003191,0.001291,0.17193,0.000488,0.292932
img_05471.jpg,0.182671,0.1237135,0.003866,0.014663,0.028193,0.3337035,0.1335695,0.17962
img_05475.jpg,0.007537,0.0021535,0.4422515,0.009186,0.521582,0.0150595,0.0021225,0.000108
img_05479.jpg,0.8311175,0.006167,0.002049,0.0076765,0.0036035,0.063824,0.0195515,0.066011
img_05488.jpg,0.7911445,0.176407,0.00224225,0.00394525,0.001552,0.02234325,0.0021545,0.00021125
img_05489.jpg,0.866148666666667,0.121746,0.005283,0.000953333333333333,0.000168666666666667,0.00359566666666667,0.000437,0.001668
img_05492.jpg,0.001812,0.000928,0.2178895,0.001946,0.0002205,0.0010085,0.000224,0.775971
img_05508.jpg,0.8412165,0.007511,0.0046505,0.0010655,0.0516725,0.0353655,0.0082445,0.0502735
img_05516.jpg,0.8283835,0.141613,0.0077165,0.0016255,0.00089,0.015361,0.0022345,0.0021755
img_05520.jpg,0.179626,0.0020205,0.0001005,0.0002255,0.000274,0.8164755,0.0012015,7.65e-05
img_05525.jpg,0.9230175,0.0047955,0.00226,0.0154665,0.040438,0.0108045,0.0014215,0.0017965
img_05539.jpg,0.701487,0.001811,0.0055645,0.0132145,0.004144,0.2695225,0.0011235,0.003133
img_05548.jpg,0.995046333333333,0.00344566666666667,6.96666666666667e-05,0.000175,3.43333333333333e-05,0.000858,6.7e-05,0.000303666666666667
img_05558.jpg,0.942505,0.0086295,0.000292,0.0004205,0.0003095,0.0079055,0.000969,0.038969
img_05563.jpg,0.7773595,0.1763235,0.0025805,0.000877,0.001509,0.024742,0.0038775,0.01273
img_05568.jpg,0.9871735,0.00431,0.000409,0.0001425,0.000574,0.00107,0.0001095,0.0062115
img_05572.jpg,0.6788895,0.021948,0.001398,0.002534,0.000571,0.0036225,0.0675385,0.223499
img_05580.jpg,0.5687055,0.0394075,0.000602,0.0011375,0.000201,0.0010705,0.0181285,0.3707465
img_05584.jpg,0.435199,0.146412666666667,0.0653926666666667,0.0426993333333333,0.00600833333333333,0.0124583333333333,0.00316166666666667,0.288668
img_05587.jpg,0.384569,0.219307,0.018901,0.28863,0.006426,0.069009,0.006526,0.006632
img_05595.jpg,0.976448,0.0098325,0.0005345,0.000554,0.0006715,0.0026395,0.0044925,0.004828
img_05603.jpg,0.7955515,0.1749145,0.013804,0.001434,0.0023115,0.00181,0.0042715,0.005903
img_05612.jpg,0.882678,0.0309103333333333,0.0119586666666667,0.015411,0.000476,0.0545776666666667,0.001399,0.00258866666666667
img_05613.jpg,0.0641375,0.027609,0.0001845,0.000865,0.0003115,0.0057225,0.0005955,0.900575
img_05615.jpg,0.9746885,0.0040325,0.001887,0.000325,0.0045145,0.012994,0.0007935,0.0007655
img_05623.jpg,0.5869655,0.1925575,0.0009305,0.014568,0.0083265,0.0686565,0.0408975,0.0870975
img_05640.jpg,0.961407,0.002324,0.0004115,0.0020705,0.0023585,0.0018315,0.01375,0.0158475
img_05653.jpg,0.0776295,0.082467,0.4091555,0.004471,0.0064255,0.008045,0.3155245,0.0962825
img_05654.jpg,0.834501333333333,0.132812,0.000722,0.00571566666666667,0.000725,0.0174176666666667,0.000111666666666667,0.007995
img_05657.jpg,0.4367675,0.086131,0.0166745,0.005734,0.3093705,0.0652735,0.0178115,0.0622375
img_05672.jpg,0.041101,0.0229695,0.0015575,0.0063655,0.0014745,0.848664,0.0026625,0.075205
img_05673.jpg,0.7579375,0.0244445,0.018132,0.004327,0.036569,0.0428755,0.011716,0.103999
img_05682.jpg,0.743885,0.0546975,0.0061485,0.002918,0.0118775,0.0500385,0.0874105,0.0430245
img_05692.jpg,0.302298,0.010438,0.055343,0.0064505,0.0032545,0.0118695,0.001708,0.608639
img_05718.jpg,0.0862725,0.139305,0.022209,0.274173,0.0293325,0.1757855,0.0083215,0.264601
img_05719.jpg,0.000697,0.0216265,0.042671,0.0029065,0.000878,0.005463,0.001169,0.924589
img_05721.jpg,0.0374975,0.010654,0.2908335,0.006054,0.12569,0.0149745,0.0032435,0.5110525
img_05722.jpg,0.1222185,0.000245,0.0030415,0.0029135,0.041156,0.0031775,0.256358,0.57089
img_05724.jpg,0.882339,0.0418723333333333,0.00799866666666667,0.00585266666666667,0.00386766666666667,0.0184956666666667,0.002282,0.037292
img_05731.jpg,0.417261666666667,0.0154236666666667,0.0361653333333333,0.00118033333333333,0.323035,0.169220666666667,0.0326253333333333,0.00508766666666667
img_05735.jpg,0.8149005,0.0935345,0.001221,0.0013745,0.0034675,0.072845,0.001685,0.010972
img_05740.jpg,0.792545,0.003007,0.0239065,0.0070245,0.0051815,0.045808,0.005441,0.117086
img_05743.jpg,0.86226,0.0017285,0.0016295,0.00999,0.000986,0.1177735,0.001395,0.004238
img_05754.jpg,0.426753,0.005284,0.001241,0.0009935,0.0042945,0.5539755,0.0028375,0.004621
img_05755.jpg,0.848505666666667,0.114725,0.001056,0.00549266666666667,0.012112,0.014093,0.00148233333333333,0.002534
img_05766.jpg,0.26145675,0.03167,0.0340335,0.00784525,0.0006235,0.0238445,0.002672,0.63785475
img_05768.jpg,0.519778,0.0127735,0.000412,0.001625,0.000128,0.0030515,0.1001625,0.3620685
img_05775.jpg,0.9522745,0.0062325,0.0011755,0.0132585,0.0047045,0.0030225,0.0094995,0.009832
img_05790.jpg,0.69226,0.0190265,0.0096185,0.004447,0.2022145,0.0231835,0.022085,0.027164
img_05792.jpg,0.922638,0.006191,0.0019465,0.005356,0.0022175,0.0405395,0.0049115,0.0161995
img_05794.jpg,0.9975455,0.000677,3.4e-05,0.0001425,3e-04,0.0009245,0.0002095,0.000167
img_05805.jpg,0.801896,0.07824125,0.000646,0.000834,0.00026025,0.049253,0.00096475,0.067905
img_05813.jpg,0.006504,0.000696,0.0050165,0.002621,0.000104,0.000196,0.0013455,0.983517
img_05817.jpg,0.218963,0.114951,0.0046265,0.0046295,0.006131,0.357827,0.1048675,0.1880045
img_05824.jpg,0.352195,0.1025255,0.02924,0.000293,0.5059795,0.005853,0.000748,0.0031665
img_05828.jpg,0.997659,0.0005615,3.8e-05,3.65e-05,0.000422,0.000891,0.000191,0.000201
img_05835.jpg,0.853521333333333,0.0634913333333333,0.046167,0.00652533333333333,0.004094,0.0212946666666667,0.000906666666666667,0.00399866666666667
img_05838.jpg,0.7787555,0.008781,0.006,0.0034445,0.01536,0.1632795,0.0215275,0.0028525
img_05857.jpg,0.91363,0.0108615,0.002029,0.008314,0.001826,0.0160215,0.0169155,0.0304025
img_05864.jpg,0.6540295,0.333379,0.002853,0.0016745,0.00134,0.0009895,0.0004545,0.0052795
img_05879.jpg,0.8114175,0.0022715,0.0005705,0.0015,0.0008495,0.1585745,0.0245755,0.000241
img_05882.jpg,0.6388475,0.020498,0.000436,0.0010975,0.0028285,0.1171175,0.000934,0.2182405
img_05896.jpg,0.8035135,0.005785,0.00157,0.003463,0.000192,0.003313,0.005231,0.1769325
img_05908.jpg,0.0106395,0.0039145,0.3308655,0.000928,0.5105025,0.1417135,0.00068,0.000756
img_05915.jpg,0.02345,0.0045465,0.304557,0.0011345,0.0022015,0.0162855,0.0179275,0.6298975
img_05916.jpg,0.5379915,0.0198905,0.010506,0.0319885,0.1907375,0.0048075,0.005186,0.1988925
img_05922.jpg,0.7721895,0.1400195,0.001834,0.0441705,0.009079,0.025376,0.0035415,0.003791
img_05927.jpg,0.909261333333333,0.0357533333333333,0.001859,0.000963666666666667,0.00186666666666667,0.00302566666666667,0.000268,0.047002
img_05940.jpg,0.593928333333333,0.0132383333333333,0.00388166666666667,0.001117,0.0575113333333333,0.149270333333333,0.00726833333333333,0.173785
img_05948.jpg,0.7575945,0.015564,0.0006595,0.002455,0.00057,0.197877,0.005933,0.019347
img_05950.jpg,0.8703375,0.0123525,0.0034795,0.000712,0.0055625,0.1008125,0.003575,0.0031685
img_05953.jpg,0.1024355,0.008535,0.4722755,0.068693,0.0072875,0.250919,0.080227,0.009628
img_05958.jpg,1e-06,2.4e-05,7.8e-05,2.5e-06,2e-06,8e-06,6.6e-05,0.999818
img_05960.jpg,0.024915,0.0238515,0.0085695,0.0011375,2.55e-05,0.001169,0.057908,0.8824235
img_05963.jpg,0.046831,0.408634,0.004724,0.0086155,0.001197,0.3241235,0.130501,0.0753735
img_05967.jpg,0.798777666666667,0.0281383333333333,0.0130153333333333,0.038953,0.00292266666666667,0.00694566666666667,0.00516933333333333,0.106078
img_05976.jpg,0.167902,0.1265135,0.005644,0.0116425,0.0169955,0.3477255,0.1750885,0.1484885
img_05979.jpg,0.948274,0.00231625,0.00314875,0.0005125,0.03349425,0.00418025,0.001584,0.0064895
img_05981.jpg,0.873273,0.000923,0.000676,0.000178,0.121277333333333,0.00322466666666667,0.000236333333333333,0.000211
img_05989.jpg,0.6733775,0.017193,0.117944,0.010917,0.1343465,0.0400635,0.0015475,0.004612
img_06001.jpg,0.646417333333333,0.110307666666667,0.137075666666667,0.005409,0.00467666666666667,0.0660823333333333,0.014076,0.0159546666666667
img_06003.jpg,0.836609,0.0523615,0.00363275,0.028936,0.00305775,0.02793575,0.0036495,0.04381725
img_06010.jpg,0.4644495,0.0488295,0.0161175,0.015029,0.01397,0.10492,0.099797,0.236888
img_06021.jpg,0.0004035,0.216423,0.48913,0.003044,0.0016215,0.0542745,0.001179,0.233925
img_06033.jpg,0.000126,0.012896,0.01149,0.002677,0.011183,0.000135,0.004021,0.957473
img_06037.jpg,0.964671,0.0004055,0.0019705,0.000188,0.008364,0.0017925,0.011404,0.011205
img_06038.jpg,0.466613,0.002319,0.0042765,0.0002845,0.0002945,0.0018965,0.002587,0.52173
img_06042.jpg,0.68181,0.0079035,0.001302,0.004094,0.0038795,0.0513025,0.0153555,0.234353
img_06059.jpg,0.4877815,0.0003185,0.0004315,0.0001475,0.4969055,0.011429,0.0017215,0.001265
img_06065.jpg,0.8646015,0.0343145,0.000396,0.0005775,0.0002235,0.0918645,0.004892,0.003131
img_06067.jpg,0.0004985,0.0710225,0.606397,0.00175,0.0016245,0.0713395,0.001206,0.246162
img_06076.jpg,0.821157,0.0988175,0.0009685,0.0012185,0.041678,0.006875,0.0024535,0.026831
img_06097.jpg,0.0222745,0.054822,0.0033805,0.001238,0.002109,0.0717355,0.0010505,0.84339
img_06099.jpg,0.697777,0.099744,0.027472,0.0110545,0.109296,0.002398,0.0017885,0.05047
img_06101.jpg,0.000625,0.002623,0.043687,0.001358,0.001134,0.005788,0.003083,0.941702
img_06103.jpg,0.848029,8.2e-05,0.002199,0.00012,0.125815,0.000233,0.000273,0.023249
img_06137.jpg,0.000748,0.0001575,0.004636,7.1e-05,9e-05,5.35e-05,0.0001535,0.9940905
img_06144.jpg,0.046328,0.0003655,0.5632235,0.014286,0.006935,0.230508,0.066317,0.0720365
img_06147.jpg,0.79559,0.004382,0.001186,0.008858,0.0840275,0.0052145,0.0052315,0.095511
img_06165.jpg,0.51211,0.0003765,0.062505,0.0024865,0.000777,0.0027485,0.0057155,0.413282
img_06174.jpg,0.893044,0.0815785,0.0002345,0.000209,0.001064,0.0228425,0.000695,0.0003315
img_06186.jpg,0.954391,0.0043075,0.0107865,0.0023965,0.012209,0.0113955,0.0013435,0.003171
img_06189.jpg,0.736639,0.08386,0.0027685,0.0074135,0.0246255,0.062978,0.016743,0.064973
img_06203.jpg,0.698612666666667,0.0201423333333333,0.0369343333333333,0.00893633333333333,0.0105773333333333,0.0180756666666667,0.003604,0.203117666666667
img_06207.jpg,0.7201735,0.0039625,0.007282,0.014923,0.004155,0.244037,0.0013915,0.004076
img_06210.jpg,0.2638605,0.168425,0.002716,0.0025095,0.0015185,0.153241,0.0012185,0.406511
img_06211.jpg,0.571628,0.17532,0.005355,0.0170545,0.001412,0.006457,0.010698,0.212076
img_06237.jpg,0.818363,0.141727,0.0130085,0.002638,0.0013545,0.001027,0.0027515,0.019131
img_06238.jpg,0.155184,0.001058,0.090982,0.020933,0.672252,0.018637,0.0092595,0.0316945
img_06259.jpg,1.65e-05,0.0001815,0.000482,1.45e-05,8e-06,2.4e-05,0.000123,0.99915
img_06261.jpg,0.9250985,0.0043135,0.000529,0.00069,0.000963,0.049999,0.0009445,0.017462
img_06268.jpg,0.290115,0.0078095,0.138333,0.0008935,0.0007875,0.000468,0.0003495,0.5612435
img_06272.jpg,0.00086,2.8e-05,0.000136,3.5e-05,0.994963,9.2e-05,0.00024,0.003646
img_06273.jpg,0.671208,0.0418216666666667,0.00338166666666667,0.000799,0.000326666666666667,0.277157333333333,0.00184233333333333,0.00346366666666667
img_06285.jpg,0.0001125,0.000345,0.0328235,0.0012665,0.033669,0.0004565,0.0035345,0.927792
img_06294.jpg,0.992781,0.0007275,0.000177,0.000116,0.000148,0.0053515,0.0001725,0.0005255
img_06302.jpg,0.4737005,0.004708,0.0030405,0.0026215,0.000336,0.0016805,0.000185,0.5137275
img_06311.jpg,0.892989,0.0125015,0.00035,0.000172,0.002591,0.0176575,0.0004315,0.0733075
img_06318.jpg,0.301268,0.0234555,0.002614,0.0072095,0.0020395,0.205691,0.2757945,0.1819275
img_06321.jpg,0.352564,0.0675355,0.002177,0.003783,0.001254,0.0853815,0.070219,0.417086
img_06324.jpg,0.256534,0.045382,0.023087,0.059157,0.013475,0.233714,0.285466,0.0831845
img_06332.jpg,0.0302155,0.002018,0.07311,0.0022925,0.0063015,0.0048615,0.177686,0.7035155
img_06345.jpg,0.0655545,0.0007605,7.3e-05,0.001746,0.0002715,3.8e-05,0.0001935,0.9313625
img_06346.jpg,0.1528725,0.0032755,0.000298,0.000311,0.0008135,0.834706,0.0074585,0.000266
img_06349.jpg,0.0160965,0.0051005,0.0132775,0.0032555,0.6693885,0.1833035,0.003372,0.1062055
img_06368.jpg,0.8800545,0.0030035,0.0154465,0.0035845,0.0081815,0.084113,0.0032925,0.002324
img_06369.jpg,0.469828,0.00184,0.000168,0.000327,0.517226,0.001705,0.000346,0.00856
img_06371.jpg,0.064729,0.858101,0.004387,0.000807,0.00074,0.0040635,0.0508145,0.0163585
img_06373.jpg,0.038665,0.0049745,0.3662545,0.00361,0.0006955,0.02641,0.0018515,0.5575385
img_06401.jpg,0.005079,0.002795,0.171515,0.012214,0.761163,0.044241,0.00082,0.002173
img_06412.jpg,0.62696,0.0430715,0.000782,0.003956,0.0023515,0.067815,0.015297,0.2397665
img_06424.jpg,0.9561885,0.0012935,0.0071895,0.0011435,0.027524,0.003812,0.0022615,0.000586
img_06426.jpg,0.6945115,0.0130745,0.001114,0.000707,0.0109685,0.0023325,0.003176,0.274116
img_06440.jpg,0.1629855,0.001224,0.000109,0.000256,0.0003665,0.829618,0.0052115,0.0002305
img_06455.jpg,0.5443845,0.1321035,0.0011725,0.0043555,0.0009325,0.0042625,0.000924,0.3118645
img_06469.jpg,0.905034,0.0311553333333333,0.000324,0.000426666666666667,0.000252333333333333,0.00608566666666667,0.000352666666666667,0.0563696666666667
img_06475.jpg,0.852411,0.004614,0.0007165,0.003568,0.003329,0.04261,0.052282,0.040469
img_06477.jpg,0.0069685,0.0629465,0.003422,0.0209595,0.0005395,0.0061835,0.179268,0.7197115
img_06489.jpg,0.508741666666667,0.012474,0.108257,0.008301,0.324835,0.015524,0.0209,0.000967
img_06496.jpg,0.8656845,0.001919,0.0029725,0.0012715,0.0007875,0.1255345,0.001023,0.0008075
img_06506.jpg,0.866295,0.0296065,0.0063145,0.0014775,0.0430715,0.015805,0.0026995,0.034731
img_06508.jpg,0.238371,8.7e-05,0.006506,0.006279,0.74061,0.002447,0.004666,0.001034
img_06510.jpg,0.980191,0.000552,0.001093,0.000109,0.008418,0.007801,0.000179,0.001657
img_06521.jpg,0.078597,0.224178,0.009665,0.0056545,0.0021865,0.081681,0.0335945,0.5644435
img_06522.jpg,0.904419,0.005291,0.0003335,0.0007935,0.0024335,0.0131975,0.000469,0.073063
img_06525.jpg,0.2578175,0.1344475,0.234353,0.04,0.047613,0.282691,0.001639,0.0014385
img_06541.jpg,0.849588,0.0175105,0.001987,0.000673,0.057637,0.0122915,0.0005245,0.0597885
img_06547.jpg,0.610398,0.010772,0.006516,0.0020415,0.314267,0.0442775,0.001814,0.0099135
img_06549.jpg,0.957929,0.0282665,0.0009185,0.0031475,0.0006315,0.008548,0.0003555,0.0002035
img_06555.jpg,0.902589,0.0224496666666667,0.0166913333333333,0.00296566666666667,0.0131476666666667,0.0399333333333333,0.000826333333333333,0.00139666666666667
img_06559.jpg,0.804593,0.000369,4.4e-05,0.000151,0.193636,6e-04,0.000231,0.000376
img_06564.jpg,0.9524965,0.002619,0.0011655,0.0032065,0.0002335,0.0008955,0.0011585,0.0382255
img_06571.jpg,0.976387,0.001708,0.002138,0.0139725,0.000238,0.0014185,0.0003645,0.003774
img_06585.jpg,0.441093,0.0631155,0.0051275,0.001075,0.4705525,0.0121315,0.000687,0.006219
img_06608.jpg,0.6304335,0.052123,0.0084075,0.0097165,0.00049,0.03302,0.000684,0.265126
img_06611.jpg,0.001829,0.0165665,0.042077,0.00182,0.002653,0.0225455,0.0022005,0.910308
img_06614.jpg,0.111247333333333,0.0272506666666667,0.0529416666666667,0.722993666666667,0.00423666666666667,0.0704526666666667,0.0059,0.004978
img_06616.jpg,0.8341905,0.0013985,0.0009555,0.001455,0.046684,0.093218,0.007173,0.014924
img_06630.jpg,0.011881,0.0641005,0.023885,0.002977,0.0001125,6e-04,0.02942,0.867024
img_06637.jpg,0.316369,0.00358833333333333,0.0164986666666667,0.00113266666666667,0.338756,0.080974,0.000226666666666667,0.242454333333333
img_06642.jpg,0.0200065,0.0089755,9.15e-05,0.000323,0.000262,0.001721,0.0005485,0.968072
img_06646.jpg,0.5658095,0.0820215,0.020121,0.00778,0.2403795,0.0436165,0.0044735,0.0357985
img_06658.jpg,0.317342,0.2203205,0.008069,0.0045635,0.00694,0.3237035,0.0630265,0.0560345
img_06662.jpg,0.4107595,0.0401685,0.026629,0.0016535,0.439604,0.0722255,0.000947,0.0080135
img_06663.jpg,0.500812,0.0031445,0.022679,0.4624065,0.004887,0.0004935,0.0002355,0.0053415
img_06673.jpg,0.965566,0.0028345,0.002783,0.000304,0.0002775,0.017206,0.003444,0.0075855
img_06681.jpg,0.575872333333333,0.070527,0.0608873333333333,0.270466,0.000549333333333333,0.0112066666666667,0.00429466666666667,0.00619733333333333
img_06684.jpg,0.727212333333333,0.0802836666666667,0.137330666666667,0.00315433333333333,0.000867666666666667,0.0476433333333333,0.00297133333333333,0.000536666666666667
img_06685.jpg,9.7e-05,5.2e-05,0.000476,0.000178,0.865297,4.5e-05,5.4e-05,0.1338
img_06690.jpg,0.000981,0.001574,0.048342,0.001115,0.000396,0.001655,0.001588,0.944349
img_06698.jpg,0.474277,0.0050845,0.000644,0.003611,0.0143595,0.4390025,0.042565,0.0204575
img_06732.jpg,0.996445,0.0006575,0.0001425,4.35e-05,8.15e-05,8.2e-05,0.0001825,0.002366
img_06734.jpg,0.452180666666667,0.202416,0.0584776666666667,0.0250416666666667,0.000804333333333333,0.0285876666666667,0.006877,0.225615
img_06748.jpg,6e-06,0.001459,0.0218805,0.000143,4.1e-05,0.006056,0.0001265,0.970288
img_06756.jpg,0.810209,0.037724,0.0012085,0.0079865,0.010711,0.1243365,0.000286,0.0075395
img_06780.jpg,0.795551,0.102169,0.0003045,0.000902,0.000516,0.0437575,0.001156,0.055644
img_06783.jpg,0.22148,0.0148695,0.0007425,0.0015405,0.001922,0.00181,0.0044685,0.7531665
img_06798.jpg,0.8056725,0.149614,0.00165,0.0064765,0.0020215,0.025715,0.00488,0.0039705
img_06800.jpg,0.126594,0.177672,0.100004,0.031097,0.397193,0.165247,0.001984,0.00021
img_06806.jpg,0.552684,0.035098,0.1444545,0.0727155,0.001622,3.2e-05,0.0959335,0.0974605
img_06807.jpg,0.6866915,1.7e-05,0.000147,0.0004285,0.283612,0.0131105,0.01595,4.35e-05
img_06808.jpg,0.712539333333333,0.023489,0.0926293333333333,0.010352,0.000552666666666667,0.05965,0.010665,0.0901223333333333
img_06812.jpg,0.86971,0.0247005,0.0037255,0.001737,0.012942,0.0074425,0.00188,0.0778615
img_06831.jpg,0.7750985,0.153237,0.007772,0.001943,0.0013325,0.0001005,0.000212,0.0603045
img_06832.jpg,0.35225,0.005782,0.020585,0.0072155,0.0035965,0.0765545,0.000324,0.5336935
img_06845.jpg,0.0926455,0.008391,0.0012175,0.0016915,0.001155,0.001114,0.014222,0.8795635
img_06849.jpg,0.133764,0.037564,0.0021,0.002047,0.002405,0.013438,0.014422,0.794259
img_06851.jpg,0.097132,0.0133765,0.0095,0.0045155,0.0074925,0.188963,0.5471145,0.1319055
img_06859.jpg,0.5625565,0.020897,0.1624755,0.0117505,0.1050155,0.1177665,0.0090945,0.0104445
img_06860.jpg,0.060637,0.0005335,0.0211985,0.002874,0.4736395,0.2338615,0.200225,0.0070315
img_06870.jpg,0.6580895,0.3156485,0.005105,0.0030675,0.0059525,0.0009545,0.00019,0.010992
img_06892.jpg,0.8145005,0.120338,0.005992,0.0052775,0.0058835,0.0043585,0.004497,0.039155
img_06893.jpg,0.8096135,0.0035535,0.0018085,0.002404,0.0924105,0.0528565,0.0106115,0.026742
img_06899.jpg,0.382290333333333,8.66666666666667e-05,0.0262233333333333,0.00188,0.336433666666667,0.193187333333333,0.0400696666666667,0.019828
img_06902.jpg,0.604662,0.0097385,0.183891,0.0396155,0.089351,0.0067905,0.0223135,0.043639
img_06909.jpg,0.943345,0.024136,0.000409333333333333,0.000436666666666667,0.000625666666666667,0.002395,0.00029,0.0283626666666667
img_06914.jpg,3e-06,0,1.2e-05,9.8e-05,0.99957,6e-06,0.000312,0
img_06916.jpg,0.866696333333333,0.0768013333333333,0.000995666666666667,0.0144423333333333,0.0103386666666667,0.00686733333333333,0.00136133333333333,0.0224966666666667
img_06921.jpg,0.997094,0.000382,2.4e-05,2.2e-05,0.001811,0.000464,4.5e-06,0.0001985
img_06922.jpg,0.2476085,0.0125895,0.003493,0.0016605,0.001146,0.0992355,0.616822,0.017445
img_06936.jpg,0.9917815,0.0020975,0.0017175,0.001928,0.00089,0.0008305,2.25e-05,0.0007315
img_06939.jpg,0.4511955,0.1053405,0.0191355,0.01132,0.0038245,0.045237,0.276791,0.0871565
img_06946.jpg,0.959812,0.0173225,8.25e-05,0.000524,0.0002625,0.010496,0.0003495,0.011151
img_06947.jpg,0.00262,0.000101,0.000637,6.3e-05,0.98989,0.000158,0.000478,0.006052
img_06955.jpg,0.7509685,0.0155735,0.158984,0.0039035,0.008009,0.016358,0.0007905,0.0454135
img_06959.jpg,0.9863605,0.002284,0.0002605,0.001018,0.0001825,0.0002355,0.001496,0.0081635
img_06962.jpg,0.310112,0.0184175,0.012444,0.002499,0.0127475,0.0579345,0.531702,0.054143
img_06966.jpg,0.50081,0.079645,0.0028835,0.00388,0.001212,0.0500775,0.058197,0.3032945
img_06975.jpg,0.90982,0.0154625,0.006514,0.0041785,0.0045195,0.0030555,0.0288235,0.0276265
img_06985.jpg,0.9915965,0.000363,0.00108,0.004786,0.0005265,0.0006845,0.000427,0.000536
img_06986.jpg,0.746485666666667,0.112415,0.00665,0.00623733333333333,0.026555,0.095039,0.002119,0.00449866666666667
img_07005.jpg,0.981298333333333,0.0106236666666667,0.000365,0.000500666666666667,0.00105833333333333,0.00480866666666667,0.001272,7.33333333333333e-05
img_07023.jpg,0.9918395,0.003387,0.00034,0.0001075,0.000443,0.000714,0.0002115,0.0029575
img_07043.jpg,0.445463,0.000161,0.0062035,0.0014035,0.510385,0.0100315,0.000682,0.0256705
img_07044.jpg,0.170305,0.002686,0.1237525,0.0013555,0.041939,0.0201205,0.001927,0.6379155
img_07045.jpg,0.541585,0.046461,0.025122,0.0141405,0.2040965,0.015632,0.016564,0.1364005
img_07050.jpg,0.5431285,0.0130895,0.0327495,0.3653895,0.030937,0.0043125,0.0006855,0.0097075
img_07051.jpg,0.279476666666667,0.235872666666667,0.0150073333333333,0.0952223333333333,0.005333,0.0719193333333333,0.184477333333333,0.112691666666667
img_07054.jpg,0.2234415,0.680389,0.0074705,0.00616,0.000369,0.013268,0.008898,0.060005
img_07060.jpg,0.3981825,0.0710915,0.0330135,0.044262,0.006258,0.0870555,0.244899,0.115237
img_07062.jpg,0.228688,0.0030015,0.011044,0.001085,0.493063,0.2429805,0.0138615,0.006276
img_07065.jpg,0.0898035,0.1210255,0.0209085,0.436907,0.0357115,0.2064435,0.010714,0.078487
img_07068.jpg,0.248529,0.235218,0.011591,0.02955,0.018219,0.2300595,0.1238075,0.103026
img_07079.jpg,2.8e-05,6e-06,0.000929,5.1e-05,0.998538,0.000213,0.000226,8e-06
img_07084.jpg,0.003638,0.000563,0.0067845,0.0002915,0.0002005,8.6e-05,0.0008655,0.987571
img_07086.jpg,0.462206,0.135194,0.0062545,0.008111,0.0056135,0.043287,0.0120855,0.327248
img_07094.jpg,0.961487,0.0075835,0.004645,0.0046975,0.0031375,0.0003265,0.006063,0.01206
img_07103.jpg,0.998047,0.0006555,9e-05,9.25e-05,0.0006765,0.0002365,6.5e-06,0.000196
img_07110.jpg,0.7883905,0.009257,0.022054,0.001039,0.0119905,0.117875,0.0061745,0.04322
img_07120.jpg,0.0117625,0.000305,0.0005495,0.000312,0.1387845,0.0002965,0.000359,0.84763
img_07122.jpg,0.7988335,0.0110345,0.0094255,0.040005,0.0038395,0.104515,0.0155305,0.0168165
img_07137.jpg,0.9421815,0.008547,0.0011375,0.002181,0.0006605,0.00111,0.000566,0.0436165
img_07143.jpg,0.499448,4.55e-05,0.0001195,0.0001605,0.4981435,0.000124,0.000262,0.0016975
img_07146.jpg,0.048367,0.000781,0.002887,0.001537,0.877696,0.022127,0.016654,0.029951
img_07147.jpg,0.172513,0.036522,0.0058305,0.001137,0.503022,0.011783,0.000104,0.2690885
img_07149.jpg,0.746318,0.2448135,0.0001795,0.001034,0.0009625,0.000494,0.000599,0.0055985
img_07156.jpg,0.806708,0.0139383333333333,0.005443,0.00506866666666667,0.00227866666666667,0.105193666666667,0.0106843333333333,0.0506853333333333
img_07157.jpg,0.230893,0.459402,0.150895333333333,0.007596,0.00407933333333333,0.143324666666667,0.002251,0.001559
img_07160.jpg,0.568808,0.000735333333333333,0.000479,0.00135,0.379035666666667,0.044131,0.00464533333333333,0.000815666666666667
img_07173.jpg,0.3688625,0.0007895,0.001779,0.004616,0.0001635,0.000292,0.0002135,0.6232835
img_07179.jpg,0.000144,2e-06,0.000549,7.7e-05,0.998661,0.000217,0.000323,2.7e-05
img_07183.jpg,0.076926,0.183904,0.05592,0.3172245,0.0212075,0.1685335,0.004221,0.172063
img_07187.jpg,0.9975395,0.0003945,0.000166,6.1e-05,0.0003425,6.1e-05,1.8e-05,0.001417
img_07188.jpg,0.739148,0.00459233333333333,0.00296066666666667,0.00249566666666667,0.0568916666666667,0.178054333333333,0.00713933333333333,0.008718
img_07191.jpg,0.681153,0.0122185,0.0812545,0.0069365,0.0599575,0.141279,0.0047865,0.0124145
img_07192.jpg,0.979896,0.000232,0.000562,0.000362,0.011368,0.000385,6.3e-05,0.007132
img_07199.jpg,0.026703,0.003355,0.020935,0.013164,0.87434,0.060608,0.00029,0.000606
img_07213.jpg,0.394028,0.006975,0.247901333333333,0.0152636666666667,0.0754406666666667,0.248769333333333,0.00370633333333333,0.00791633333333333
img_07224.jpg,2.4e-05,1e-06,0.001303,8.5e-05,0.997765,0.00034,0.000477,5e-06
img_07231.jpg,0.5557195,0.252637,0.03400325,0.01283275,0.058421,0.05663925,0.00357725,0.02617025
img_07237.jpg,0.8376745,0.0873945,0.0013915,0.0009735,0.005863,0.0355905,0.0071725,0.0239405
img_07251.jpg,0.3473905,0.007876,0.002263,0.006241,0.0013675,0.0012105,0.306898,0.3267535
img_07270.jpg,0.0863475,0.002487,0.003758,0.0003975,0.4144575,0.013873,0.0006395,0.478039
img_07278.jpg,0.9998085,3.75e-05,1.1e-05,7e-06,8.15e-05,1.05e-05,1.5e-06,4.3e-05
img_07304.jpg,0.8931405,0.00868,0.0090315,0.0023645,0.0012905,0.083502,0.000379,0.0016115
img_07314.jpg,8e-06,0.0026265,0.0176,0.000112,8.3e-05,0.01949,0.0031435,0.956937
img_07318.jpg,1.1e-05,0.000516,0.003347,7.95e-05,7e-05,0.006485,0.0002175,0.989274
img_07319.jpg,0.131342,0.1293265,0.001932,0.002688,0.000822,0.079016,0.021047,0.633827
img_07330.jpg,0.730805,0.1161115,0.0006235,0.0015,0.00025,0.118239,0.007604,0.0248675
img_07348.jpg,0.638298,0.032584,0.001269,0.004007,0.275265,0.025262,0.003596,0.019719
img_07352.jpg,0.9478995,0.031656,0.0021945,0.0009055,0.0062615,0.000196,0.0004785,0.0104095
img_07354.jpg,0.9359805,0.00025,8.5e-05,5e-05,0.0064705,7.85e-05,0.0001205,0.056965
img_07371.jpg,0.004811,0.003991,0.390137,0.001161,0.0010865,0.0308535,0.0404715,0.527488
img_07375.jpg,0.433891,0.0126025,0.0011425,0.0105665,0.0088325,0.4440925,0.0447705,0.044101
img_07409.jpg,0.951854,0.004971,0.002006,0.001056,0.024164,0.010141,0.000786,0.005023
img_07417.jpg,0.00629,0.028805,0.0366695,0.005042,0.005971,0.018061,0.0435565,0.8556045
img_07419.jpg,0.001055,0.0036555,0.015056,0.000146,8.1e-05,0.0015885,0.000487,0.9779315
img_07420.jpg,0.1487425,0.0020845,0.0035745,0.810819,0.02749,0.0024905,0.002578,0.0022215
img_07426.jpg,0.6709335,0.025355,0.0301095,0.1518475,0.0250075,0.0736615,0.005985,0.0171005
img_07428.jpg,0.904071333333333,0.0553143333333333,0.00103266666666667,0.006778,0.0114123333333333,0.0115746666666667,0.00443,0.005387
img_07434.jpg,0.116734,5.1e-05,0.000117,0.000342,0.881713,0.000685,3.7e-05,0.000321
img_07436.jpg,0.164855,0.0073905,0.0132355,0.003176,0.008522,0.211947,0.5532325,0.037641
img_07448.jpg,0.744661333333333,0.0382126666666667,0.143243,0.0409286666666667,0.003057,0.0220936666666667,0.004727,0.00307666666666667
img_07460.jpg,0.752912,0.177382,0.0199615,0.003986,0.0178675,0.012761,0.004303,0.010828
img_07467.jpg,0.996131,0.000506,5.2e-05,9.4e-05,0.0029445,0.0001775,1.3e-05,8.25e-05
img_07469.jpg,0.003066,0.004538,0.070387,0.002687,0.001231,0.010941,0.010117,0.897032
img_07474.jpg,0.880908,0.00561733333333333,0.0171436666666667,0.00734733333333333,0.0195793333333333,0.0636086666666667,0.00227733333333333,0.003518
img_07501.jpg,0.798703,0.000244,0.00062,0.002085,0.174142,0.016507,0.00053,0.00717
img_07505.jpg,0.9337435,0.0041155,0.0024615,0.0006655,0.0035625,0.001985,0.000171,0.0532955
img_07508.jpg,0.0666675,0.002106,0.0048,0.0008255,0.0175545,0.0022435,0.0337505,0.8720535
img_07514.jpg,0.502892,0.008414,0.000877,0.002567,0.194428,0.083858,0.016438,0.190526
img_07526.jpg,0.043507,0.146312,0.187672,0.005082,0.021614,0.529133,0.003494,0.063186
img_07528.jpg,0.9831645,0.0001185,7.25e-05,8.4e-05,0.00572,0.009977,0.00068,0.0001825
img_07538.jpg,0.2999655,0.0459465,0.003322,0.003223,0.0031085,0.068408,0.502123,0.0739045
img_07543.jpg,0.496813,0.0015845,0.000258,0.00037,0.4950395,0.00053,0.0004975,0.0049075
img_07553.jpg,0.7037065,0.023321,0.001622,0.0031225,0.13687,0.1084185,0.022103,0.0008355
img_07561.jpg,0.5091025,0.091706,0.001069,0.002038,0.0112025,0.0429395,0.0052865,0.3366555
img_07563.jpg,0.2287085,0.0886995,0.0089445,0.0106245,0.0081205,0.367069,0.253163,0.0346705
img_07574.jpg,0.9637865,0.00101,0.0048105,0.000645,0.025415,0.001944,0.0015,0.000889
img_07578.jpg,0.0060035,0.0714965,0.1387005,0.002002,0.0010635,0.0544965,0.0009935,0.725245
img_07580.jpg,0.120107,0.2301905,0.013259,0.460014,0.0199355,0.117182,0.0050185,0.0342935
img_07583.jpg,0.493056,0.150398,0.032008,0.025454,0.047668,0.1170405,0.081982,0.052393
img_07590.jpg,0.767034,0.210187333333333,0.00112566666666667,0.0103666666666667,0.000456666666666667,3.3e-05,0.000768666666666667,0.010027
img_07594.jpg,0.780114,0.026219,0.001045,0.000469,0.0022665,0.0101575,0.002823,0.1769055
img_07616.jpg,0.922635,0.018076,0.008264,0.013252,0.010601,0.022625,0.002168,0.002378
img_07621.jpg,0.943221,0.007208,6.5e-05,0.0002775,0.0002555,0.0115215,0.00026,0.0371905
img_07623.jpg,0.859890333333333,0.057863,0.00548133333333333,0.001385,0.0175033333333333,0.009153,0.00431566666666667,0.044409
img_07628.jpg,0.000207,0.000117,0.000564,0.000179,0.858826,6.2e-05,9.8e-05,0.139948
img_07659.jpg,0.367532,0.026022,0.014751,0.0039905,0.003892,0.1668155,0.410722,0.0062745
img_07663.jpg,0.322818,0.084336,0.00303933333333333,0.00489166666666667,0.000218333333333333,0.000434,0.027456,0.556806666666667
img_07678.jpg,0.1283305,0.010882,0.064939,0.441954,0.0035955,0.010672,0.002668,0.33696
img_07689.jpg,0.499472,0.004506,0.030192,0.4481265,0.0087215,0.000864,0.0005445,0.007573
img_07700.jpg,0.828809,0.0065035,0.032184,0.00527,0.0154975,0.096254,0.0025435,0.0129375
img_07717.jpg,0.813844,0.0406785,0.000512,0.0034395,0.046129,0.0933805,0.0016345,0.000383
img_07746.jpg,0.434731,0.005432,0.000563,0.000245,0.000358,0.5560535,0.001207,0.001411
img_07757.jpg,0.5488755,0.0498875,0.0272325,0.0069255,0.253365,0.0667005,0.0058105,0.0412035
img_07792.jpg,0.1074305,0.1746925,0.002166,0.0021195,0.001409,0.283833,0.0047605,0.42359
img_07799.jpg,0.741751,0.101577,0.033287,0.0104435,0.0112975,0.054906,0.004004,0.042734
img_07818.jpg,0.996383,0.0002295,0.0002015,0.0001155,0.0028735,0.000122,7.5e-06,6.7e-05
img_07833.jpg,0.914083,0.033032,0.002216,0.005127,0.000801,0.0328945,0.00154,0.0103065
img_07859.jpg,0.0596945,0.0027455,0.0276585,0.0023825,0.321163,0.2711265,0.0142255,0.3010035
img_07872.jpg,0.5681335,0.004452,0.005365,0.002565,0.347581,0.0117555,0.0045585,0.0555895
img_07893.jpg,0.283938,0.08882,0.0104365,0.016139,0.0450465,0.331223,0.141066,0.083331
img_07895.jpg,0.9501265,0.0149745,0.001874,0.00039,0.0009625,0.0257355,0.002235,0.003702
img_07905.jpg,0.8796845,0.0512095,0.017458,0.005683,0.0088185,0.0187455,0.0176235,0.0007765
img_07906.jpg,0.0028955,0.003534,0.1870055,0.0005655,0.000962,0.002688,0.0085385,0.7938115
img_07908.jpg,0.8041285,0.0069625,0.0057775,0.077837,0.0130885,0.0082695,0.0047805,0.0791555
img_07910.jpg,0.970417,0.019557,0.0013015,0.0002435,0.001463,0.002251,0.0033335,0.0014335
img_07921.jpg,0.1107165,0.020806,0.0051885,0.011834,0.0019125,0.821921,0.0043885,0.023233
